source,confirmed_total,recovered_total,deaths_total,confirmed_by_population,recovered_by_population,deaths_by_population,confirmed_total_grow_percent,recovered_total_grow_percent,deaths_total_grow_percent,confirmed_by_population_grow_percent,recovered_by_population_grow_percent,deaths_by_population_grow_percent
22.01.2020,,,,,,,0.0,0.0,0.0,0.0,0.0,0.0
23.01.2020,,,,,,,0.0,0.0,0.0,0.0,0.0,0.0
24.01.2020,,,,,,,0.0,0.0,0.0,0.0,0.0,0.0
25.01.2020,,,,,,,0.0,0.0,0.0,0.0,0.0,0.0
26.01.2020,,,,,,,0.0,0.0,0.0,0.0,0.0,0.0
27.01.2020,,,,,,,0.0,0.0,0.0,0.0,0.0,0.0
28.01.2020,,,,,,,0.0,0.0,0.0,0.0,0.0,0.0
29.01.2020,,,,,,,0.0,0.0,0.0,0.0,0.0,0.0
30.01.2020,,,,,,,0.0,0.0,0.0,0.0,0.0,0.0
31.01.2020,,,,,,,0.0,0.0,0.0,0.0,0.0,0.0
01.02.2020,,,,,,,0.0,0.0,0.0,0.0,0.0,0.0
02.02.2020,,,,,,,0.0,0.0,0.0,0.0,0.0,0.0
03.02.2020,,,,,,,0.0,0.0,0.0,0.0,0.0,0.0
04.02.2020,,,,,,,0.0,0.0,0.0,0.0,0.0,0.0
05.02.2020,,,,,,,0.0,0.0,0.0,0.0,0.0,0.0
06.02.2020,,,,,,,0.0,0.0,0.0,0.0,0.0,0.0
07.02.2020,,,,,,,0.0,0.0,0.0,0.0,0.0,0.0
08.02.2020,,,,,,,0.0,0.0,0.0,0.0,0.0,0.0
09.02.2020,,,,,,,0.0,0.0,0.0,0.0,0.0,0.0
10.02.2020,,,,,,,0.0,0.0,0.0,0.0,0.0,0.0
11.02.2020,,,,,,,0.0,0.0,0.0,0.0,0.0,0.0
12.02.2020,,,,,,,0.0,0.0,0.0,0.0,0.0,0.0
13.02.2020,,,,,,,0.0,0.0,0.0,0.0,0.0,0.0
14.02.2020,,,,,,,0.0,0.0,0.0,0.0,0.0,0.0
15.02.2020,,,,,,,0.0,0.0,0.0,0.0,0.0,0.0
16.02.2020,,,,,,,0.0,0.0,0.0,0.0,0.0,0.0
17.02.2020,,,,,,,0.0,0.0,0.0,0.0,0.0,0.0
18.02.2020,,,,,,,0.0,0.0,0.0,0.0,0.0,0.0
19.02.2020,,,,,,,0.0,0.0,0.0,0.0,0.0,0.0
20.02.2020,,,,,,,0.0,0.0,0.0,0.0,0.0,0.0
21.02.2020,,,,,,,0.0,0.0,0.0,0.0,0.0,0.0
22.02.2020,,,,,,,0.0,0.0,0.0,0.0,0.0,0.0
23.02.2020,,,,,,,0.0,0.0,0.0,0.0,0.0,0.0
24.02.2020,,,,,,,0.0,0.0,0.0,0.0,0.0,0.0
25.02.2020,2,,,0.02257856210685079,,,0.0,0.0,0.0,0.0,0.0,0.0
26.02.2020,2,,,0.02257856210685079,,,0.0,0.0,0.0,0.0,0.0,0.0
27.02.2020,3,,,0.03386784316027618,,,7.142857142857143,0.0,0.0,7.142857142857143,0.0,0.0
28.02.2020,3,,,0.03386784316027618,,,7.142857142857143,0.0,0.0,7.142857142857143,0.0,0.0
29.02.2020,9,,,0.10160352948082854,,,10,0.0,0.0,10,0.0,0.0
01.03.2020,14,,,0.1580499347479555,,,10,0.0,0.0,10,0.0,0.0
02.03.2020,18,,,0.20320705896165708,,,10,0.0,0.0,10,0.0,0.0
03.03.2020,21,,,0.23707490212193327,,,10,0.0,0.0,10,0.0,0.0
04.03.2020,29,,,0.3273891505493364,,,10,0.0,0.0,10,0.0,0.0
05.03.2020,41,,,0.4628605231904411,,,10,0.0,0.0,10,0.0,0.0
06.03.2020,55,,,0.6209104579383966,,,10,0.0,0.0,10,0.0,0.0
07.03.2020,79,,,0.8918532032206061,,,10,0.0,0.0,10,0.0,0.0
08.03.2020,104,,,1.174085229556241,,,10,0.0,0.0,10,0.0,0.0
09.03.2020,131,2,,1.4788958179987266,0.02257856210685079,,10,0.0,0.0,10,0.0,0.0
10.03.2020,182,4,,2.0546491517234218,0.04515712421370158,,10,10,0.0,10,10,0.0
11.03.2020,246,4,,2.777163139142647,0.04515712421370158,,10,10,0.0,10,10,0.0
12.03.2020,302,4,1,3.4093628781344685,0.04515712421370158,0.011289281053425394,10,10,0.0,10,10,0.0
13.03.2020,504,6,1,5.6897976509263986,0.06773568632055237,0.011289281053425394,10,10,0.0,10,10,0.0
14.03.2020,655,6,1,7.3944790899936335,0.06773568632055237,0.011289281053425394,10,10,0.0,10,10,0.0
15.03.2020,860,6,1,9.708781705945839,0.06773568632055237,0.011289281053425394,10,10,0.0,10,10,0.0
16.03.2020,1018,6,3,11.49248811238705,0.06773568632055237,0.03386784316027618,10,10,10,10,10,10
17.03.2020,1332,1,3,15.037322363162625,0.011289281053425394,0.03386784316027618,10,-4.761904761904764,10,10,-4.761904761904764,10
18.03.2020,1646,9,4,18.5821566139382,0.10160352948082854,0.04515712421370158,10,10,10,10,10,10
19.03.2020,2013,9,6,22.725322760545318,0.10160352948082854,0.06773568632055237,10,10,10,10,10,10
20.03.2020,2388,9,6,26.95880315557984,0.10160352948082854,0.06773568632055237,10,10,10,10,10,10
21.03.2020,2814,9,8,31.76803688433906,0.10160352948082854,0.09031424842740315,10,10,10,10,10,10
22.03.2020,3582,9,16,40.438204733369766,0.10160352948082854,0.1806284968548063,10,10,10,10,10,10
23.03.2020,4474,9,21,50.508243433025214,0.10160352948082854,0.23707490212193327,10,10,10,10,10,10
24.03.2020,5283,9,28,59.641271805246355,0.10160352948082854,0.316099869495911,10,10,10,10,10,10
25.03.2020,5588,9,30,63.084502526541094,0.10160352948082854,0.3386784316027618,10,0.0,10,10,0.0,10
26.03.2020,6909,112,49,77.99764279811605,1.264399477983644,0.5531747716178442,10,10,10,10,10,10
27.03.2020,7657,225,58,86.44202502607824,2.5400882370207136,0.6547783010986729,10,10,10,10,10,10
28.03.2020,8271,225,68,93.37364359288144,2.5400882370207136,0.7676711116329268,10,10,10,10,10,10
29.03.2020,8788,479,86,99.21020189750234,5.407565624590764,0.9708781705945838,10,10,10,10,10,10
30.03.2020,9618,636,108,108.58030517184544,7.17998274997855,1.2192423537699426,10,10,10,10,10,10
31.03.2020,10180,1095,128,114.92488112387049,12.361762753500805,1.4450279748384505,9.971015116604187,10,10,9.971015116604184,10,10
01.04.2020,10711,1436,146,120.9194893632394,16.211407592718864,1.6482350338001075,9.891425847352187,10,10,9.891425847352192,10,10
02.04.2020,11129,1749,158,125.6384088435712,19.744952562441014,1.7837064064412123,7.071795472323982,10,10,7.0717954723239815,10,10
03.04.2020,11524,2022,168,130.09767485967424,22.826926290026144,1.8965992169754662,6.032199387642798,10,10,6.0321993876428,10,10
04.04.2020,11781,2507,186,132.99902009040457,28.30222760093746,2.099806275937123,5.205245402873634,10,10,5.205245402873635,10,10
05.04.2020,12051,2998,204,136.0471259748294,33.84526459816933,2.3030133348987802,4.639683998439139,10,10,4.639683998439141,10,10
06.04.2020,12297,3463,220,138.82428911397207,39.09478028801214,2.4836418317535864,3.5820592922822336,10,10,3.5820592922822336,10,10
07.04.2020,12639,4046,243,142.68522323424355,45.676431142159146,2.743295295982371,3.1446243624791426,10,9.614311397830607,3.144624362479145,10,9.614311397830608
08.04.2020,12942,4512,273,146.10587539343143,50.93723611305538,3.081973727585132,2.741943154220008,10,9.369051256737134,2.7419431542200052,10,9.369051256737132
09.04.2020,13244,5240,295,149.51523827156592,59.15583271994907,3.330337910760491,2.5177942627514787,10,9.34611268193946,2.5177942627514804,10,9.34611268193946
10.04.2020,13555,6064,319,153.0262046791812,68.45820030797158,3.6012806560427006,2.346215335906238,10,9.604181152837794,2.346215335906237,10,9.604181152837794
11.04.2020,13806,6604,337,155.859814223591,74.55441207682131,3.8044877150043575,2.2921563082778973,10,8.87965936920271,2.292156308277898,10,8.87965936920271
12.04.2020,13945,6987,350,157.4290242900171,78.87820672028323,3.9512483686988875,2.108582424376425,10,8.048251856451271,2.1085824243764253,10,8.04825185645127
13.04.2020,14041,7343,368,158.51279527114596,82.89719077530266,4.154455427660545,1.9153101981870866,10,7.6624975547305825,1.9153101981870873,10,7.662497554730584
14.04.2020,14226,7633,384,160.60131226602965,86.17108228079603,4.335083924515351,1.7062250318393928,9.589505101448237,6.790109073646449,1.7062250318393928,9.589505101448237,6.790109073646449
15.04.2020,14336,8098,393,161.84313318190644,91.42059797063884,4.43668745399618,1.474209395894864,8.814422370858296,5.3612620718827815,1.474209395894865,8.814422370858294,5.361262071882784
16.04.2020,14476,8986,410,163.423632529386,101.44547954608059,4.6286052319044115,1.2803629146157507,8.075982194127603,4.8279894557312115,1.28036291461575,8.0759821941276,4.827989455731212
17.04.2020,14595,9704,431,164.7670569747436,109.55118334244003,4.865680134026345,1.062336790037,6.970984501121082,4.397469169898813,1.0623367900369998,6.970984501121083,4.397469169898813
18.04.2020,14671,10214,443,165.62504233480396,115.30871667968697,5.0011515066674495,0.8721955103071499,6.449634718688091,3.989124814038656,0.8721955103071496,6.449634718688088,3.989124814038657
19.04.2020,14749,10501,452,166.50560625697113,118.54874034202005,5.102755036148277,0.8043172911931826,6.022542341878713,3.728272805927939,0.8043172911931833,6.022542341878712,3.7282728059279386
20.04.2020,14795,10631,470,167.0249131854287,120.01634687896535,5.305962095109935,0.7505268288312863,5.471513853115533,3.5624790547991685,0.7505268288312844,5.471513853115532,3.5624790547991694
21.04.2020,14873,10971,491,167.90547710759589,123.85470243712999,5.543036997231868,0.637617566434424,5.364207346550361,3.5796589147172333,0.6376175664344244,5.36420734655036,3.5796589147172315
22.04.2020,14925,11328,510,168.492519722374,127.88497577320287,5.757533337246951,0.5771025279148362,4.958787957844486,3.7976451672630587,0.5771025279148365,4.9587879578444864,3.797645167263057
23.04.2020,15002,11694,522,169.36179436348777,132.01685263875655,5.893004709888055,0.5112954418894713,3.85382533890949,3.515822514537846,0.511295441889473,3.8538253389094885,3.5158225145378457
24.04.2020,15071,11872,530,170.1407547561741,134.02634466626628,5.983318958315459,0.4595652111334652,2.9298169276941963,3.0030533474373082,0.45956521113346455,2.9298169276941963,3.0030533474373082
25.04.2020,15148,12103,536,171.01002939728787,136.63416858960755,6.051054644636011,0.4581636005906625,2.456986927894186,2.7670323094200353,0.4581636005906615,2.4569869278941883,2.7670323094200353
26.04.2020,15225,12282,542,171.8793040384016,138.65494989817068,6.118790330956564,0.45482886196640493,2.2668588347720133,2.6367180631730376,0.4548288619664043,2.266858834772014,2.636718063173041
27.04.2020,15274,12362,549,172.43247881001946,139.5580923824447,6.197815298330541,0.4562507946659696,2.1830563173305664,2.2523197817692373,0.4562507946659705,2.1830563173305655,2.252319781769237
28.04.2020,15357,12580,569,173.36948913745377,142.01915565209146,6.423600919399049,0.4585653604026931,1.9780955649489569,2.1344486593637586,0.4585653604026925,1.9780955649489584,2.13444865936376
29.04.2020,15402,12779,580,173.8775067848579,144.2657225817231,6.547783010986729,0.450479523410326,1.739215941086464,1.8578147166346548,0.45047952341032504,1.7392159410864636,1.8578147166346555
30.04.2020,15452,12907,584,174.4419708375292,145.71075055656158,6.59294013520043,0.42315384722484634,1.4207461007555793,1.620202430340827,0.42315384722484595,1.4207461007555822,1.6202024303408271
01.05.2020,15531,13110,589,175.3338240407498,148.00247461040692,6.649386540467556,0.43048556199427507,1.4279806505834445,1.5235734780198578,0.4304855619942766,1.4279806505834447,1.5235734780198553
02.05.2020,15558,13180,596,175.6386346291923,148.7927242841467,6.7284115078415345,0.3823328269016191,1.2262933416630715,1.5316276975614078,0.3823328269016207,1.2262933416630695,1.5316276975614076
03.05.2020,15597,13228,598,176.07891659027587,149.33460977471108,6.750990069948385,0.34552667892812383,1.067038485694613,1.419651623950555,0.3455266789281244,1.0670384856946105,1.4196516239505517
04.05.2020,15621,13316,600,176.34985933555808,150.32806650741253,6.773568632055237,0.32153191676753407,1.069023600722497,1.2829280875799787,0.3215319167675346,1.0690236007224976,1.2829280875799796
05.05.2020,15650,13462,606,176.6772484861074,151.97630154121265,6.841304318375789,0.27042340658738656,0.973731694804329,0.9053584805021747,0.27042340658738595,0.9737316948043285,0.9053584805021758
06.05.2020,15684,13639,608,177.06108404192386,153.97450428766896,6.863882880482639,0.2595986086629717,0.9355797047965708,0.6763323140140722,0.2595986086629718,0.9355797047965719,0.6763323140140706
07.05.2020,15752,13698,609,177.8287551535568,154.64057186982103,6.8751721615360655,0.2751599946760533,0.8542853780641613,0.6013063871278913,0.27515999467605307,0.8542853780641579,0.6013063871278926
08.05.2020,15774,13836,614,178.07711933673215,156.19849265519375,6.931618566803192,0.2220748698531845,0.7735220042919823,0.5962854841044241,0.22207486985318395,0.773522004291981,0.5962854841044274
09.05.2020,15833,13928,615,178.74318691888425,157.23710651210888,6.942907847856618,0.2506730645028637,0.792234648113535,0.4497728328219149,0.25067306450286114,0.792234648113535,0.4497728328219165
10.05.2020,15871,13991,618,179.17217959891443,157.9483312184747,6.976775691016894,0.24914880147325155,0.804825803170299,0.4715206054290753,0.24914880147325164,0.8048258031703021,0.471520605429079
11.05.2020,15882,14061,620,179.2963616905021,158.73858089221446,6.9993542531237445,0.23706780959928592,0.7812638198474541,0.46997438184823803,0.23706780959928495,0.7812638198474551,0.4699743818482379
12.05.2020,15961,14148,623,180.1882148937227,159.72074834386245,7.03322209628402,0.28160651465419906,0.7130220072558446,0.39624166295422875,0.2816065146541981,0.7130220072558433,0.39624166295422786
13.05.2020,15997,14304,624,180.59462901164602,161.48187618819685,7.044511377337445,0.2827918548565882,0.6827101905869538,0.3720246115769975,0.282791854856589,0.6827101905869537,0.3720246115769964
14.05.2020,16058,14405,626,181.28327515590496,162.6220935745928,7.067089939444297,0.27532880216589883,0.7217834995757023,0.3943159167630395,0.275328802165897,0.7217834995757048,0.3943159167630387
15.05.2020,16109,14471,628,181.85902848962965,163.3671861241189,7.089668501551147,0.3007479307696425,0.6433160570788515,0.32266888183361114,0.30074793076964174,0.6433160570788531,0.3226688818336094
16.05.2020,16201,14524,629,182.89764234654479,163.96551801995042,7.100957782604573,0.32890165913409536,0.6006471541605147,0.3221501988733837,0.3289016591340947,0.6006471541605155,0.3221501988733838
17.05.2020,16242,14563,629,183.36050286973526,164.405799981034,7.100957782604573,0.33076819418565684,0.574389271202533,0.25246378772355793,0.3307681941856576,0.5743892712025309,0.25246378772355726
18.05.2020,16269,14614,629,183.66531345817774,164.9815533147587,7.100957782604573,0.34461489176316457,0.5529436901761279,0.2062317026565214,0.3446148917631655,0.552943690176129,0.206231702656522
19.05.2020,16321,14678,632,184.25235607295585,165.70406730217792,7.134825625764849,0.31921600918661286,0.5271156274217815,0.20524264094639705,0.3192160091866144,0.5271156274217821,0.20524264094639766
20.05.2020,16353,14882,633,184.61361306666547,168.0070806370767,7.146114906818274,0.3150041006031943,0.5681450246356955,0.204916098723762,0.3150041006031946,0.568145024635694,0.20491609872376265
21.05.2020,16404,14951,633,185.18936640039016,168.78604102976306,7.146114906818274,0.3050823697437628,0.5335094764011099,0.15912855293621625,0.3050823697437637,0.5335094764011081,0.15912855293621453
22.05.2020,16436,15005,635,185.55062339409977,169.39566220664804,7.168693468925126,0.2875788936593179,0.5196531348491892,0.15862383126498186,0.2875788936593194,0.5196531348491885,0.1586238312649837
23.05.2020,16486,15037,639,186.11508744677104,169.75691920035763,7.213850593138826,0.24945045828303883,0.4977977784287599,0.22586462998679765,0.2494504582830404,0.4977977784287581,0.225864629986795
24.05.2020,16503,15063,640,186.30700522467927,170.0504405077467,7.225139874192252,0.22802860097156952,0.48413860146356386,0.24822099037132705,0.22802860097156866,0.4841386014635659,0.24822099037132642
25.05.2020,16539,15138,641,186.7134193426026,170.8971365867536,7.236429155245678,0.2354438110731703,0.5052394893148163,0.2705424189427556,0.23544381107317142,0.5052394893148139,0.27054241894275527
26.05.2020,16557,15182,643,186.91662640156426,171.39386495310433,7.259007717352528,0.20533058003967303,0.48419992396195344,0.2469802681896349,0.20533058003967433,0.4841999239619543,0.24698026818963426
27.05.2020,16591,15228,645,187.30046195738072,171.9131718815619,7.281586279459378,0.2066569791067077,0.3289363890972605,0.2688108599849884,0.2066569791067085,0.3289363890972613,0.26881085998498805
28.05.2020,16628,15286,668,187.71816535635745,172.56795018266055,7.541239743688163,0.19396313551801483,0.3171120993838362,0.7782239275375907,0.19396313551801492,0.31711209938383556,0.7782239275375913
29.05.2020,16655,15347,668,188.02297594479992,173.25659632691952,7.541239743688163,0.18929204149973775,0.32252325757570394,0.7330873895100575,0.189292041499737,0.32252325757570366,0.7330873895100557
30.05.2020,16685,15520,668,188.3616543764027,175.2096419491621,7.541239743688163,0.1715657298030325,0.45309381405389926,0.6430986381039833,0.1715657298030326,0.453093814053899,0.6430986381039839
31.05.2020,16731,15593,668,188.88096130486025,176.03375946606215,7.541239743688163,0.19621986361366822,0.4955872418999693,0.6207422777194539,0.1962198636136673,0.49558724189996733,0.6207422777194526
01.06.2020,16733,15596,668,188.90353986696712,176.06762730922244,7.541239743688163,0.1667643924902486,0.4272059017835361,0.5984208491480254,0.16676439249024785,0.42720590178353807,0.5984208491480237
02.06.2020,16759,15629,669,189.19706117435618,176.44017358398548,7.552529024741588,0.1734140946939279,0.4159106800712405,0.5752334374770504,0.17341409469392718,0.4159106800712409,0.5752334374770501
03.06.2020,16771,15672,670,189.33253254699727,176.92561266928277,7.563818305795015,0.15430725278710108,0.4119305634258389,0.5521527003945419,0.15430725278709964,0.4119305634258378,0.5521527003945448
04.06.2020,16805,15717,670,189.71636810281373,177.4336303166869,7.563818305795015,0.1514098853433341,0.3985389866823566,0.04273963284193944,0.15140988534333344,0.3985389866823569,0.04273963284194162
05.06.2020,16843,15742,672,190.1453607828439,177.71586234302254,7.586396867901865,0.16051652300751715,0.3642540542486778,0.0853835560828776,0.16051652300751798,0.3642540542486765,0.0853835560828786
06.06.2020,16898,15789,672,190.76627124078232,178.24645855253354,7.586396867901865,0.18143353215423166,0.2458695126602081,0.0853835560828776,0.1814335321542324,0.24586951266020954,0.0853835560828786
07.06.2020,16902,15793,672,190.811428364996,178.29161567674723,7.586396867901865,0.14542991884196038,0.18229426531933177,0.0853835560828776,0.14542991884196127,0.18229426531933163,0.0853835560828786
08.06.2020,16968,15839,672,191.55652091452208,178.8109226052048,7.586396867901865,0.19950598668062344,0.22115553405087487,0.0853835560828776,0.19950598668062283,0.22115553405087432,0.0853835560828786
09.06.2020,16979,15875,672,191.68070300610978,179.2173367231281,7.586396867901865,0.18656974811721833,0.22339758549705477,0.063997756253964,0.18656974811721946,0.22339758549705338,0.06399775625396475
10.06.2020,17005,15910,673,191.9742243134988,179.61246155999802,7.59768614895529,0.19821646523940722,0.21558942465619624,0.06390242664229871,0.19821646523940692,0.2155894246561971,0.06390242664229777
11.06.2020,17034,15949,674,192.30161346404816,180.0527435210816,7.608975430008715,0.19361748988206023,0.2095883611922602,0.08512934237144328,0.19361748988206123,0.20958836119226043,0.0851293423714409
12.06.2020,17064,15985,675,192.64029189565093,180.4591576390049,7.62026471106214,0.18647394329727782,0.2191106535276197,0.06368084091939871,0.18647394329727868,0.2191106535276192,0.06368084091939777
13.06.2020,17078,16012,677,192.79834183039887,180.7639682274474,7.6428432731689915,0.15154521716828592,0.2005883680181197,0.10600888324744104,0.15154521716828456,0.20058836801812005,0.1060088832474406
14.06.2020,17109,16059,677,193.14830954305506,181.2945644369584,7.6428432731689915,0.17409502344140854,0.23890204791160655,0.10600888324744104,0.17409502344140873,0.2389020479116088,0.1060088832474406
15.06.2020,17135,16066,678,193.44183085044412,181.37358940433236,7.654132554222417,0.1400208046014787,0.20351933093591118,0.12711038145381368,0.1400208046014785,0.20351933093591046,0.1271103814538135
16.06.2020,17189,16089,681,194.0514520273291,181.63324286856115,7.688000397382694,0.17578030886428625,0.19150110107784024,0.19032150661184147,0.17578030886428567,0.19150110107784077,0.19032150661184202
17.06.2020,17203,16099,687,194.20950196207704,181.7461356790954,7.755736083703246,0.16553989455555146,0.16888421907006027,0.2949283273136905,0.16553989455555182,0.16888421907005854,0.2949283273136906
18.06.2020,17223,16101,688,194.43528758314557,181.76871424120228,7.7670253647566705,0.15778571098912067,0.1356405450831363,0.29449575552299473,0.15778571098912123,0.13564054508313786,0.29449575552299484
19.06.2020,17271,16141,688,194.97717307371,182.2202854833393,7.7670253647566705,0.17243981664153238,0.13888515845152982,0.2733003337341011,0.17243981664153257,0.13888515845153254,0.273300333734101
20.06.2020,17323,16175,688,195.5642156884881,182.60412103915576,7.7670253647566705,0.20373105527968827,0.14484735142199173,0.2309722914060588,0.20373105527968932,0.1448473514219926,0.23097229140605816
21.06.2020,17341,16197,690,195.76742274744976,182.8524852223311,7.7896039268635215,0.19264362881398076,0.1223448531576904,0.2725005306087166,0.19264362881398095,0.12234485315768905,0.27250053060871643
22.06.2020,17380,16241,690,196.20770470853336,183.34921358868183,7.7896039268635215,0.20306273219527424,0.1549257074736309,0.25139903240234396,0.2030627321952753,0.15492570747363296,0.25139903240234357
23.06.2020,17408,16261,693,196.52380457802926,183.57499920975033,7.823471770023798,0.18105705746163506,0.15206651594988926,0.25029970848655214,0.18105705746163428,0.15206651594988993,0.2502997084865518
24.06.2020,17449,16282,693,196.9866651012197,183.81207411187225,7.823471770023798,0.20306798028224388,0.16163638483947476,0.12443438438334258,0.20306798028224468,0.16163638483947468,0.12443438438334241
25.06.2020,17477,16320,698,197.30276497071563,184.24106679190243,7.879918175290925,0.20938353121148662,0.19320258912174532,0.20671157208785407,0.20938353121148753,0.19320258912174454,0.20671157208785482
26.06.2020,17522,16348,698,197.81078261811976,184.55716666139833,7.879918175290925,0.20635269835247053,0.1822221395541784,0.20671157208785407,0.20635269835247008,0.18222213955417635,0.20671157208785482
27.06.2020,17580,16371,700,198.46556091921843,184.81682012562712,7.902496737397775,0.21062837001663892,0.17222875245229458,0.24764485084348237,0.2106283700166391,0.17222875245229327,0.24764485084348206
28.06.2020,17654,16401,702,199.3009677171719,185.15549855722986,7.925075299504627,0.25591762418974,0.17897711040675196,0.24693293817143677,0.2559176241897387,0.17897711040675077,0.24693293817143808
29.06.2020,17723,16420,703,200.07992810985826,185.36999489724496,7.936364580558052,0.2796241588136023,0.15671873182409693,0.26728295852145717,0.2796241588136017,0.15671873182409574,0.26728295852145706
30.06.2020,17766,16478,705,200.56536719515557,186.02477319834364,7.958943142664903,0.291269567779378,0.18958768103543192,0.24581330318452493,0.2912695677793799,0.18958768103543164,0.2458133031845246
01.07.2020,17873,16491,705,201.77332026787204,186.17153385203818,7.958943142664903,0.3436624405608783,0.18240906966825401,0.24581330318452493,0.3436624405608763,0.18240906966825587,0.2458133031845246
02.07.2020,17941,16514,705,202.540991379505,186.43118731626694,7.958943142664903,0.3750902264230635,0.1689924199681915,0.14274177154156473,0.3750902264230617,0.16899241996819073,0.1427417715415648
03.07.2020,18050,16558,705,203.77152301432835,186.92791568261768,7.958943142664903,0.4250996119076765,0.18254555831206,0.14274177154156473,0.4250996119076754,0.1825455583120616,0.1427417715415648
04.07.2020,18165,16607,705,205.06979033547228,187.4810904542355,7.958943142664903,0.46882913648929014,0.20472262508635533,0.1018084927859364,0.46882913648928926,0.2047226250863544,0.10180849278593761
05.07.2020,18280,16615,706,206.3680576566162,187.57140470266293,7.970232423718327,0.4991366687625912,0.18542570893719082,0.08125559077406783,0.49913666876259255,0.1854257089371935,0.08125559077406556
06.07.2020,18365,16647,706,207.32764654615735,187.93266169637252,7.970232423718327,0.5097284961834535,0.19639005981402288,0.06090557042404748,0.509728496183453,0.1963900598140222,0.06090557042404659
07.07.2020,18421,16686,706,207.95984628514918,188.37294365745612,7.970232423718327,0.518629249192741,0.1793970134133888,0.020263424518743668,0.5186292491927393,0.1793970134133887,0.02026342451874231
08.07.2020,18513,16721,706,208.9984601420643,188.768068494326,7.970232423718327,0.5039372480273265,0.19809181522786257,0.020263424518743668,0.5039372480273265,0.19809181522786115,0.02026342451874231
09.07.2020,18615,16758,706,210.1499668095137,189.18577189330276,7.970232423718327,0.528294681986852,0.2097787606155461,0.020263424518743668,0.5282946819868518,0.20977876061554745,0.02026342451874231
10.07.2020,18709,16808,706,211.21115922853568,189.750235945974,7.970232423718327,0.5136407036231025,0.21433938406712258,0.020263424518743668,0.513640703623102,0.21433938406712022,0.02026342451874231
11.07.2020,18783,16864,706,212.04656602648916,190.38243568496586,7.970232423718327,0.47912819630542597,0.21966012958779357,0.020263424518743668,0.4791281963054253,0.21966012958779588,0.02026342451874231
12.07.2020,18897,16952,708,213.33354406657963,191.37589241766727,7.992810985825179,0.47539193856943657,0.2873242973708043,0.04046944556859571,0.4753919385694342,0.2873242973708031,0.04046944556859778
13.07.2020,18948,17000,708,213.90929740030435,191.9177779082317,7.992810985825179,0.4475198027848225,0.30026078016138086,0.04046944556859571,0.4475198027848223,0.3002607801613819,0.04046944556859778
14.07.2020,19021,17073,709,214.73341491720439,192.74189542513176,8.004100266878604,0.4589965290306898,0.3281372542327177,0.06064700811903962,0.4589965290306876,0.32813725423271867,0.060647008119040335
15.07.2020,19154,17175,710,216.23488929731002,193.89340209258114,8.01538954793203,0.48753898211620544,0.38351980616492304,0.08079611148393988,0.48753898211620905,0.38351980616492387,0.08079611148394084
16.07.2020,19270,17244,711,217.5444458995073,194.67236248526748,8.026678828985455,0.49534661614955067,0.40930096234064367,0.10091683583001634,0.4953466161495492,0.4093009623406426,0.10091683583001752
17.07.2020,19439,17335,711,219.45233439753625,195.69968706112923,8.026678828985455,0.5484954428404805,0.4420659375654069,0.10091683583001634,0.5484954428404826,0.44206593756541024,0.10091683583001752
18.07.2020,19573,17501,711,220.96509805869525,197.5737077159978,8.026678828985455,0.5904674869600688,0.5312695878543535,0.10091683583001634,0.5904674869600705,0.5312695878543522,0.10091683583001752
19.07.2020,19655,17599,711,221.8908191050761,198.6800572592335,8.026678828985455,0.563612153285946,0.5367190692757692,0.06044739026142064,0.5636121532859474,0.5367190692757694,0.06044739026141975
20.07.2020,19743,17659,711,222.88427583777755,199.35741412243902,8.026678828985455,0.5890177414364696,0.5449727880547305,0.06044739026142064,0.5890177414364702,0.5449727880547298,0.06044739026141975
21.07.2020,19827,17716,710,223.83257544626528,200.00090314248428,8.01538954793203,0.5947609298083877,0.5297399051626303,0.02017740255526043,0.5947609298083896,0.5297399051626295,0.02017740255526066
22.07.2020,19929,17849,711,224.9840821137147,201.50237752258985,8.026678828985455,0.5683641901604629,0.5516397986170323,0.020149023536436626,0.5683641901604622,0.5516397986170319,0.020149023536436855
23.07.2020,20099,17943,711,226.903259892797,202.56356994161183,8.026678828985455,0.6037085651215034,0.5694817161908345,2.829919036016561e-05,0.6037085651215056,0.5694817161908342,2.8299190360161646e-05
24.07.2020,20214,18042,711,228.20152721394092,203.68120876590098,8.026678828985455,0.5601595468032492,0.5729142037440538,2.829919036016561e-05,0.5601595468032488,0.5729142037440536,2.8299190360161646e-05
25.07.2020,20338,18124,712,229.60139806456567,204.60692981228183,8.03796811003888,0.5493167412500275,0.5010420375038669,0.02012072434607646,0.5493167412500274,0.5010420375038669,0.02012072434607669
26.07.2020,20472,18209,712,231.11416172572467,205.566518701823,8.03796811003888,0.5835911289886765,0.48804537904673717,0.02012072434607646,0.5835911289886777,0.48804537904673634,0.02012072434607669
27.07.2020,20558,18246,713,232.08503989631924,205.9842221007997,8.049257391092306,0.5796429497658371,0.4683693447330532,0.04018492980354035,0.579642949765837,0.4683693447330519,0.04018492980354081
28.07.2020,20677,18379,713,233.42846434167686,207.4856964809053,8.049257391092306,0.6015547824052919,0.5263901023936073,0.060277354959256645,0.6015547824052915,0.5263901023936057,0.060277354959257345
29.07.2020,20850,18528,716,235.38150996391946,209.1677993578657,8.083125234252583,0.6475874170540779,0.5349578271309233,0.10026482536373117,0.6475874170540763,0.534957827130924,0.10026482536373235
30.07.2020,20955,18628,718,236.5668844745291,210.2967274632082,8.105703796359432,0.597668684484597,0.536826900499191,0.14016905521209508,0.5976686844845952,0.5368269004991902,0.1401690552120936
31.07.2020,21130,18758,718,238.54250865887857,211.76433400015353,8.105703796359432,0.6352337006026261,0.5577021817069465,0.14016905521209508,0.6352337006026259,0.5577021817069443,0.1401690552120936
01.08.2020,21212,18911,718,239.46822970525943,213.49159400132763,8.105703796359432,0.603039071511964,0.609296027623972,0.1200766300563788,0.6030390715119619,0.6092960276239726,0.12007663005637706
02.08.2020,21304,18984,718,240.5068435621746,214.31571151822766,8.105703796359432,0.5708750123137023,0.5974427885718808,0.1200766300563788,0.570875012313702,0.5974427885718804,0.12007663005637706
03.08.2020,21385,19063,718,241.42127532750203,215.20756472144828,8.105703796359432,0.5651784863230057,0.6278633150921257,0.1000124245989149,0.5651784863230047,0.6278633150921272,0.10001242459891294
04.08.2020,21481,19336,719,242.50504630863085,218.2895384490334,8.11699307741286,0.5466160158437845,0.7283157002843419,0.1199089626013025,0.5466160158437834,0.7283157002843416,0.1199089626013039
05.08.2020,21566,19464,719,243.46463519817203,219.73456642387185,8.11699307741286,0.4836188857439571,0.7070685267326242,0.05980076785075151,0.4836188857439569,0.7070685267326231,0.0598007678507522
06.08.2020,21696,19596,719,244.93224173511734,221.224751522924,8.11699307741286,0.4977908261026677,0.7268473025887818,0.019896538002387585,0.4977908261026691,0.7268473025887828,0.01989653800239095
07.08.2020,21837,19690,720,246.52403036365033,222.28594394194602,8.128282358466283,0.47132889726895283,0.6956780975429572,0.03976540349016823,0.47132889726895266,0.6956780975429588,0.03976540349016871
08.08.2020,21919,19812,721,247.4497514100312,223.66323623046392,8.139571639519708,0.469533986947176,0.6676712220204444,0.05960667333143808,0.4695339869471776,0.6676712220204454,0.05960667333143878
09.08.2020,22033,19923,721,248.73672945012171,224.9163464273941,8.139571639519708,0.4818739806107573,0.6925637628610836,0.05960667333143808,0.4818739806107578,0.6925637628610836,0.05960667333143878
10.08.2020,22106,20010,723,249.56084696702175,225.89851387904213,8.16215020162656,0.4748898250208397,0.6954982364920942,0.09923417481746939,0.4748898250208402,0.6954982364920942,0.09923417481747056
11.08.2020,22245,20123,723,251.1300570334479,227.17420263807918,8.16215020162656,0.5005863642854678,0.571587387456214,0.0793376368150818,0.5005863642854712,0.5715873874562146,0.07933763681507962
12.08.2020,22439,20268,724,253.3201775578124,228.81114839082588,8.173439482679985,0.5686445881396384,0.5799575082345277,0.09909657773584844,0.5686445881396383,0.5799575082345284,0.09909657773584647
13.08.2020,22594,20346,725,255.07001612109335,229.69171231299305,8.18472876373341,0.581210433222486,0.5380529382272493,0.11882822730175215,0.5812104332224859,0.5380529382272489,0.1188282273017504
14.08.2020,22876,20499,725,258.25359337815934,231.41897231416715,8.18472876373341,0.6666718030949123,0.5769530568925617,0.0989593618139715,0.6666718030949138,0.5769530568925612,0.09895936181397266
15.08.2020,23179,20627,728,261.6742455373472,232.86400028900562,8.218596606893687,0.8022464894459987,0.5776411774099367,0.1382313924653125,0.8022464894459977,0.5776411774099366,0.1382313924653141
16.08.2020,23370,20681,728,263.83049821855144,233.47362146589057,8.218596606893687,0.8456643500287093,0.5350020760816089,0.1382313924653125,0.8456643500287075,0.5350020760816102,0.1382313924653141
17.08.2020,23534,20765,729,265.6819403113132,234.4219210743783,8.22988588794711,0.8985833765925317,0.5306433177540051,0.1182271248882294,0.898583376592532,0.5306433177540052,0.1182271248882277
18.08.2020,23829,20870,729,269.0122782220737,235.60729558498795,8.22988588794711,0.9878286626245077,0.5222063061679539,0.1182271248882294,0.987828662624505,0.5222063061679542,0.1182271248882277
19.08.2020,24084,20958,729,271.8910448906972,236.6007523176894,8.22988588794711,1.0161170264515957,0.4795047888001288,0.09846818396746274,1.0161170264515957,0.47950478880012876,0.09846818396746082
20.08.2020,24431,21093,729,275.80842541623576,238.12480525990182,8.22988588794711,1.1232640187313154,0.5165479789854317,0.07873653440155903,1.1232640187313137,0.5165479789854319,0.07873653440155688
21.08.2020,24762,21260,730,279.5451774449196,240.01011519582386,8.241175169000538,1.1385093186300101,0.5222253062588535,0.09833285029417123,1.1385093186300086,0.5222253062588526,0.09833285029417237
22.08.2020,25062,21406,732,282.9319617609472,241.65835022962398,8.263753731107387,1.1223666816169102,0.531127442024714,0.07835849305009268,1.1223666816169107,0.5311274420247127,0.0783584930500905
23.08.2020,25253,21558,732,285.08821444215147,243.37432094974463,8.263753731107387,1.1135221421113823,0.5951686548491075,0.07835849305009268,1.113522142111383,0.5951686548491066,0.0783584930500905
24.08.2020,25495,21657,733,287.82022045708044,244.49195977403375,8.275043012160813,1.150171798962495,0.6027481346912527,0.07825126226370498,1.1501717989624967,0.602748134691252,0.0782512622637059
25.08.2020,25706,21888,733,290.2022587593532,247.09978369737502,8.275043012160813,1.089330040546341,0.682886872838676,0.07825126226370498,1.0893300405463429,0.6828868728386771,0.0782512622637059
26.08.2020,26033,22145,733,293.8938536638233,250.00112892810535,8.275043012160813,1.1181803148257619,0.790387083495489,0.07825126226370498,1.1181803148257625,0.7903870834954895,0.0782512622637059
27.08.2020,26361,22317,733,297.59673784934677,251.94288526929452,8.275043012160813,1.0923444207472663,0.8093233114100065,0.07825126226370498,1.0923444207472661,0.8093233114100077,0.0782512622637059
28.08.2020,26590,22594,733,300.1819832105812,255.07001612109335,8.275043012160813,1.022897490959037,0.8735339401459246,0.058654946371092795,1.022897490959037,0.8735339401459251,0.05865494637109039
29.08.2020,26985,22866,733,304.64124922668424,258.14070056762506,8.275043012160813,1.0620385010612359,0.9474087655598618,0.0195160031225605,1.0620385010612352,0.9474087655598622,0.019516003122560726
30.08.2020,27166,23070,733,306.6846090973542,260.4437139025238,8.275043012160813,1.0489860779315519,0.9734191947872457,0.0195160031225605,1.0489860779315503,0.9734191947872459,0.019516003122560726
31.08.2020,27438,23226,733,309.75529354388595,262.20484174685816,8.275043012160813,1.0551217322933901,1.004415850151395,0.0,1.0551217322933888,1.0044158501513938,0.0
01.09.2020,27642,23565,734,312.0583068787848,266.03190802396944,8.28633229321424,1.0431047560491546,1.0605503420272853,0.019489378288832588,1.0431047560491558,1.060550342027287,0.01948937828883588
02.09.2020,27969,23820,734,315.7499017832548,268.91067469259286,8.28633229321424,1.0303770217716477,1.0474009058705875,0.019489378288832588,1.0303770217716461,1.0474009058705867,0.01948937828883588
03.09.2020,28372,24171,735,320.29948204778526,272.8732123423452,8.297621574267664,1.0562258314236401,1.1469512784639277,0.03895220429116813,1.0562258314236412,1.1469512784639277,0.038952204291168586
04.09.2020,28729,24513,735,324.3297553838581,276.7341464626167,8.297621574267664,1.111879439085183,1.171767342594112,0.03895220429116813,1.111879439085182,1.1717673425941137,0.038952204291168586
05.09.2020,29087,24828,735,328.37131800098445,280.2902699944457,8.297621574267664,1.0776804010484773,1.183363485460307,0.03895220429116813,1.0776804010484786,1.1833634854603068,0.038952204291168586
06.09.2020,29271,25043,736,330.44854571481466,282.7174654209321,8.30891085532109,1.0722292579394064,1.1796211282288573,0.05838855025812633,1.0722292579394062,1.1796211282288567,0.058388550258127024
07.09.2020,29561,25300,746,333.72243722030805,285.61881065166244,8.421803665855345,1.0707278472639012,1.2296257018224286,0.2524879291401139,1.0707278472639006,1.2296257018224297,0.25248792914011686
08.09.2020,30081,25629,747,339.5928633680893,289.33298411823944,8.433092946908769,1.2158107090378116,1.2068862856333928,0.25214830190451765,1.215810709037811,1.2068862856333922,0.2521483019045145
09.09.2020,30583,25764,747,345.2600824569088,290.85703706045183,8.433092946908769,1.28521714918443,1.1275482485956134,0.25214830190451765,1.2852171491844293,1.1275482485956136,0.2521483019045145
10.09.2020,31247,26043,748,352.7561650763833,294.00674647435756,8.444382227962194,1.3895399855426045,1.0717417834123482,0.2518095914118398,1.3895399855426056,1.071741783412349,0.25180959141183973
11.09.2020,31827,26257,750,359.30394808737,296.42265261979054,8.466960790069045,1.4749536111232509,0.986998815385168,0.2900066884324662,1.4749536111232497,0.9869988153851654,0.2900066884324666
12.09.2020,32696,26579,754,369.11433332279665,300.05780111899355,8.512117914282747,1.686990545962192,0.9786141312410299,0.36619716462294244,1.6869905459621903,0.9786141312410302,0.3661971646229437
13.09.2020,33159,26760,756,374.34127045053265,302.1011609896635,8.534696476389598,1.7989177398608427,0.9521899828017342,0.3846539599974014,1.7989177398608451,0.9521899828017348,0.38465395999740293
14.09.2020,33541,27010,757,378.65377581294115,304.9234812530199,8.545985757443024,1.8219582257894262,0.9390464568455376,0.20945102858328982,1.8219582257894271,0.939046456845538,0.20945102858328932
15.09.2020,34305,27354,757,387.2787865377581,308.8069939353982,8.545985757443024,1.896063196099909,0.9352189014992209,0.1903012775300535,1.8960631960999061,0.9352189014992202,0.1903012775300558
16.09.2020,35073,27655,758,395.94895438678884,312.20506753247923,8.557275038496448,1.9774793688521588,1.0171675397160003,0.20917276271593765,1.9774793688521608,1.0171675397159994,0.20917276271593715
17.09.2020,35853,28044,758,404.7545936084606,316.5965978622618,8.557275038496448,1.9850210988515118,1.0634119493217815,0.19004864720627995,1.9850210988515096,1.0634119493217817,0.19004864720627923
18.09.2020,36661,28451,763,413.87633269962834,321.19133525100585,8.613721443763575,2.041802333506318,1.1533509351297353,0.24608449402281904,2.0418023335063182,1.1533509351297353,0.24608449402281898
19.09.2020,37474,28961,765,423.0545181960632,326.9488685882528,8.636300005870426,1.968549376297217,1.234238932156103,0.2073401889613449,1.9685493762972182,1.2342389321561023,0.2073401889613444
20.09.2020,38095,29229,766,430.06516173024033,329.9743959105708,8.647589286923852,2.0029884613985742,1.2691523122005357,0.18812118394112284,2.002988461398572,1.2691523122005357,0.1881211839411221
21.09.2020,38658,29516,767,436.42102696331887,333.2144195729039,8.658878567977277,2.049539767905626,1.2759625038899254,0.1878744940263986,2.049539767905625,1.2759625038899263,0.1878744940263979
22.09.2020,39303,30312,771,443.7026132427782,342.20068729143054,8.70403569219098,1.96249236347271,1.4792825069006466,0.26237626344342224,1.9624923634727107,1.4792825069006468,0.26237626344342235
23.09.2020,39984,30949,777,451.39061364016095,349.3919593224625,8.77177137851153,1.8901997138373094,1.6222954284209086,0.35467765207632634,1.8901997138373094,1.6222954284209106,0.3546776520763276
24.09.2020,40816,31661,783,460.7832954766108,357.4299274325014,8.839507064832084,1.8697567699894377,1.7500013906920486,0.4649920481050081,1.8697567699894377,1.7500013906920482,0.4649920481050106
25.09.2020,41500,32301,786,468.50516371715383,364.65506730669364,8.87337490799236,1.7872091372490195,1.8314476092150633,0.42549364176100074,1.7872091372490202,1.8314476092150644,0.4254936417610028
26.09.2020,42214,33154,787,476.5657103892995,374.2848240452655,8.884664189045784,1.7161900626847968,1.952623251081551,0.4062226796469024,1.7161900626847948,1.9526232510815515,0.40622267964690134
27.09.2020,42876,33589,787,484.0392144466672,379.1956613035055,8.884664189045784,1.703483086480792,2.0078627462142076,0.38754854332570726,1.7034830864807937,2.007862746214207,0.387548543325706
28.09.2020,43432,34052,790,490.31605471237174,384.4225984312415,8.91853203220606,1.6776085894727142,2.0645093069607325,0.4233551299366506,1.6776085894727155,2.0645093069607325,0.42335512993664975
29.09.2020,44041,34916,796,497.19122687390774,394.17653726140105,8.986267718526612,1.6395678058818162,2.0417169512207063,0.4573524563604949,1.6395678058818162,2.0417169512207063,0.4573524563604917
30.09.2020,44813,35644,799,505.9065518471522,402.39513386829475,9.020135561686889,1.6424563627837876,2.0393635293778494,0.4000202142717857,1.6424563627837874,2.039363529377849,0.4000202142717847
01.10.2020,45686,36476,802,515.7620942067925,411.7878157047446,9.054003404847165,1.6234939464704912,2.044168487813993,0.3433442949103666,1.6234939464704927,2.0441684878139905,0.34334429491036494
02.10.2020,46374,37186,803,523.5291195715492,419.80320525267666,9.065292685900591,1.5992251448692179,2.0334643452251364,0.3064223687460292,1.5992251448692194,2.0334643452251355,0.30642236874602713
03.10.2020,47432,38045,809,535.4731789260733,429.5006976775691,9.133028372221144,1.679363557047031,1.9862106349699968,0.3949897322271227,1.6793635570470329,1.986210634969998,0.39498973222712447
04.10.2020,48146,38629,813,543.533725598219,436.0936378127695,9.178185496434844,1.6703796635852242,2.0180628401923157,0.46562367183510434,1.670379663585224,2.0180628401923153,0.4656236718351042
05.10.2020,48896,39058,818,552.000686388288,440.936739384689,9.234631901701972,1.7076652421730192,1.9797967173855742,0.49902534910836643,1.707665242173018,1.9797967173855742,0.49902534910836666
06.10.2020,49819,39790,822,562.4206928005997,449.2004931157964,9.279789025915672,1.777020676688178,1.8850595745381586,0.4603830468406734,1.7770206766881784,1.885059574538158,0.4603830468406733
07.10.2020,50848,40499,830,574.0373630045743,457.20459338267506,9.370103274343077,1.82167281491955,1.8417525356450304,0.5455761307866459,1.8216728149195476,1.8417525356450313,0.5455761307866468
08.10.2020,52057,41289,838,587.6861037981657,466.12312541488103,9.46041752277048,1.8830412748334207,1.7869627864080877,0.6296312857889186,1.8830412748334209,1.7869627864080877,0.6296312857889204
09.10.2020,53188,42039,842,600.4542806695898,474.5900862049501,9.505574646984183,1.9782822292052882,1.7683883683208763,0.6800082414563474,1.978282229205287,1.7683883683208774,0.6800082414563499
10.10.2020,54423,42829,852,614.3965427705702,483.5086182371562,9.618467457518435,1.9840681587933828,1.7068452625243011,0.7429297341113511,1.9840681587933842,1.7068452625243016,0.742929734111349
11.10.2020,55319,43448,851,624.5117385944393,490.4966832092265,9.607178176465009,2.004218141949601,1.694024989495378,0.6555285242149724,2.0042181419495995,1.6940249894953792,0.6555285242149721
12.10.2020,56298,44065,855,635.5639447457429,497.46216961919,9.652335300678711,2.0345001028165806,1.738242672322441,0.6348183960124649,2.034500102816583,1.7382426723224413,0.6348183960124644
13.10.2020,57326,44949,861,647.1693256686641,507.441894070418,9.720070986999264,2.0256883024323233,1.7570985882467025,0.6652122290057061,2.0256883024323233,1.7570985882467025,0.6652122290057084
14.10.2020,58672,45846,872,662.3646979665747,517.5683791753406,9.844253078586943,2.0660451187349076,1.7876329125758694,0.7086905425315794,2.0660451187349094,1.787632912575869,0.7086905425315796
15.10.2020,60224,46798,877,679.8856621614908,528.3157747382015,9.90069948385407,2.104265037779315,1.8056117106847938,0.6529104102067359,2.1042650377793133,1.805611710684794,0.6529104102067331
16.10.2020,61387,47618,882,693.0150960266246,537.5729852020104,9.957145889121197,2.069765799002447,1.7964327391632762,0.6661673328667822,2.0697657990024476,1.7964327391632762,0.6661673328667795
17.10.2020,63134,48771,889,712.7374700269588,550.5895262566098,10.036170856495174,2.1446125276670274,1.8738821487521358,0.6098819525230376,2.1446125276670265,1.873882148752133,0.6098819525230369
18.10.2020,64806,49561,893,731.613147948286,559.508058288816,10.081327980708876,2.2877514613538037,1.89881538474032,0.6909269023872019,2.2877514613538046,1.8988153847403209,0.6909269023872022
19.10.2020,65927,50359,904,744.268432009176,568.5169045694494,10.205510072296555,2.282043257505524,1.925965187793434,0.7997508536572313,2.282043257505523,1.9259651877934332,0.7997508536572305
20.10.2020,67451,51407,914,761.4732963345962,580.3480711134392,10.31840288283081,2.3514218804269116,1.9366695723090142,0.8575280399858848,2.351421880426911,1.9366695723090144,0.8575280399858848
21.10.2020,69409,52617,925,783.5777086372032,594.0081011880839,10.442584974418489,2.4306894879130403,1.9878367214199812,0.8469447385113748,2.4306894879130416,1.9878367214199784,0.846944738511375
22.10.2020,71844,53970,941,811.0671080022939,609.2824984533685,10.623213471273294,2.5539718463450725,2.0585360422642425,1.0121354862709298,2.5539718463450733,2.058536042264243,1.0121354862709295
23.10.2020,74415,55195,954,840.0918495906507,623.1118677438146,10.769974124967826,2.7893237226169476,2.1324743100010743,1.1280474298923022,2.7893237226169467,2.1324743100010752,1.1280474298923033
24.10.2020,78029,56791,965,880.89131131773,641.1295603050816,10.894156216555505,3.0765620538036407,2.199647595042261,1.179388721125777,3.0765620538036393,2.1996475950422627,1.1793887211257787
25.10.2020,80811,57858,979,912.2980912083596,653.1752231890864,11.05220615130346,3.2075628829868674,2.2366481340278033,1.3223649275603722,3.207562882986869,2.236648134027802,1.3223649275603733
26.10.2020,83267,59036,992,940.0245654755723,666.4739962700215,11.19896680499799,3.3946217547423365,2.2974884506825206,1.3360910255624243,3.3946217547423383,2.297488450682521,1.3360910255624259
27.10.2020,86102,60308,1005,972.0296772620333,680.8339617699786,11.34572745869252,3.5507735286990405,2.30799695325076,1.3652751942341752,3.5507735286990423,2.307996953250758,1.3652751942341748
28.10.2020,89496,61684,1027,1010.345497157359,696.368012499492,11.594091641867879,3.699200447728427,2.297690661920125,1.5060685702736403,3.699200447728426,2.2976906619201274,1.5060685702736392
29.10.2020,93949,63366,1056,1060.6166656882624,715.3565832313535,11.921480792417215,3.9088362747247705,2.3198890668001644,1.6623583974495433,3.9088362747247727,2.319889066800165,1.6623583974495446
30.10.2020,99576,64987,1082,1124.141450175887,733.656507818956,12.215002099806275,4.253240968042284,2.3610854536659747,1.8167315659034766,4.2532409680422845,2.3610854536659738,1.816731565903476
31.10.2020,104925,67226,1109,1184.5278145306595,758.9332080975755,12.519812688248763,4.32684505270158,2.440190908015153,2.008494293850071,4.326845052701581,2.440190908015152,2.008494293850073
01.11.2020,109881,69336,1130,1240.4774914314357,782.7535911203031,12.756887590370695,4.492278302319187,2.62016915950165,2.071754384395164,4.492278302319187,2.6201691595016503,2.0717543843951645
02.11.2020,114016,71691,1159,1287.1586685873497,809.3398480011199,13.08427674092003,4.595702839015373,2.814524125379904,2.248680967804794,4.595702839015372,2.814524125379904,2.2486809678047925
03.11.2020,118198,74292,1192,1334.3704419527746,838.7032680210793,13.456823015683069,4.633302283228498,3.025017403606224,2.4682235776344976,4.633302283228497,3.0250174036062245,2.4682235776344976
04.11.2020,125099,77036,1227,1412.2777705024635,869.6810552316787,13.851947852552959,4.9042554031181345,3.2267192053119764,2.5749645611159395,4.904255403118136,3.2267192053119773,2.5749645611159417
05.11.2020,132515,80604,1268,1495.999078794666,909.9612100303003,14.314808375743398,5.040321627609584,3.498833447404653,2.6489252429191517,5.040321627609582,3.498833447404651,2.648925242919152
06.11.2020,138979,83707,1340,1568.9729915240077,944.9918491390795,15.12763661159003,4.881538564040043,3.6833378279715183,3.1083698466855223,4.881538564040041,3.6833378279715197,3.108369846685524
07.11.2020,147220,88273,1377,1662.0079566852867,996.5387064290197,15.545340010566768,4.961238063557592,3.9704001845591326,3.1463434326768756,4.961238063557593,3.9704001845591317,3.146343432676875
08.11.2020,153153,91719,1411,1728.9872611752594,1035.4415689391237,15.92917556638323,4.862187957305046,4.079704735435258,3.228563142188439,4.8621879573050455,4.079704735435258,3.228563142188439
09.11.2020,158746,94627,1454,1792.1282101070676,1068.2707982424847,16.414614651680523,4.846293912415997,4.04742610085085,3.297293481109379,4.846293912415997,4.04742610085085,3.2972934811093815
10.11.2020,164866,98663,1499,1861.218610154031,1113.8343365741096,16.922632299084665,4.873052339665626,4.138439954826085,3.3326689742088265,4.873052339665627,4.138439954826085,3.332668974208827
11.11.2020,172380,103759,1564,1946.0462679894695,1171.3645128223654,17.656435567557317,4.690071266076903,4.3486575527497475,3.5326664797366414,4.6900712660769015,4.3486575527497475,3.5326664797366414
12.11.2020,181642,107875,1608,2050.6075891062956,1217.8311936382645,18.153163933908033,4.610772433174454,4.253698122798857,3.457211614044218,4.610772433174455,4.25369812279886,3.457211614044219
13.11.2020,191228,112728,1661,2158.8266372844314,1272.6180745905378,18.75149582973958,4.667840357086379,4.346418193860422,3.1168953943316047,4.667840357086382,4.346418193860421,3.116895394331603
14.11.2020,198291,119415,1746,2238.5628293647746,1348.1094969947933,19.711084719280738,4.348386634227333,4.414594896230362,3.4534961268006774,4.348386634227331,4.414594896230361,3.4534961268006765
15.11.2020,203956,125674,1829,2302.5166065324293,1418.7691071081829,20.648095046715046,4.180799380091584,4.6056787022533054,3.779865697156502,4.180799380091581,4.605678702253302,3.779865697156503
16.11.2020,208613,129671,1887,2355.090788398232,1463.892363478724,21.30287334781372,3.9852896614494253,4.607092626487405,3.797529656032193,3.9852896614494253,4.607092626487403,3.7975296560321934
17.11.2020,214597,136487,1945,2422.6458462219293,1540.8401031388717,21.95765164891239,3.844325963907142,4.748694363619976,3.794494128277837,3.8443259639071425,4.748694363619976,3.7944941282778366
18.11.2020,221688,142738,2054,2502.6981381717687,1611.4093990038339,23.188183283735757,3.665282033608834,4.665103871208688,3.975621122721678,3.6652820336088334,4.665103871208688,3.975621122721677
19.11.2020,228683,149541,2116,2581.666659140479,1688.2103780102866,23.888118709048133,3.348470935865307,4.779273886368306,4.004935587595727,3.3484709358653046,4.779273886368302,4.004935587595727
20.11.2020,235351,156483,2224,2656.94358520472,1766.5805670831658,25.107361062818075,3.011101349879652,4.799770996533854,4.26321413813227,3.011101349879651,4.799770996533853,4.263214138132271
21.11.2020,241962,162751,2328,2731.577022248915,1837.3417807260362,26.281446292374316,2.8847440865909917,4.524566577992852,4.200194114656769,2.8847440865909917,4.524566577992852,4.200194114656769
22.11.2020,247188,169260,2388,2790.5748050341163,1910.8237111027822,26.95880315557984,2.7851627959393346,4.347134563907638,3.889279370752335,2.785162795939337,4.347134563907639,3.8892793707523348
23.11.2020,250333,175527,2459,2826.079593947139,1981.573635464599,27.760342110373042,2.640730700538995,4.421725524862183,3.8610033084653215,2.6407307005389944,4.421725524862184,3.86100330846532
24.11.2020,254710,182620,2577,2875.4927771179823,2061.6485059765455,29.09247727467724,2.480730939090018,4.2480961172156855,4.107437131436714,2.480730939090019,4.248096117215686,4.107437131436714
25.11.2020,260512,189059,2667,2940.993185789956,2134.3401866795516,30.108512569485526,2.3340954268832825,4.097521462202306,3.8057685530309717,2.334095426883281,4.097521462202306,3.805768553030973
26.11.2020,266038,196342,2773,3003.377752891185,2216.5600205916485,31.305176361148618,2.1863628614554247,3.9669731331903573,3.9423403673519277,2.186362861455427,3.9669731331903573,3.9423403673519286
27.11.2020,270992,203251,2886,3059.304851229854,2294.557663389765,32.580865120185685,2.0358361875914452,3.806495247576809,3.7953459761024084,2.035836187591444,3.806495247576811,3.795345976102408
28.11.2020,275661,210697,3018,3112.014504468297,2378.61765011357,34.07105021923784,1.8806837825803835,3.757624344992346,3.780709630530811,1.8806837825803828,3.757624344992346,3.780709630530812
29.11.2020,279708,216998,3105,3157.70222489151,2449.7514100312032,35.05321767088584,1.781864394827018,3.6135085484530336,3.8243359433461133,1.7818643948270179,3.61350854845303,3.8243359433461115
30.11.2020,282456,221692,3184,3188.725169226323,2502.7432952959825,35.94507087410645,1.7404561342679086,3.393589383111109,3.763062241041168,1.7404561342679086,3.39358938311111,3.7630622410411667
01.12.2020,285489,227497,3325,3222.965558661362,2568.277571811117,37.53685950263943,1.6440739239878563,3.190378523435599,3.710161284156588,1.644073923987855,3.1903785234356,3.7101612841565865
02.12.2020,289461,233657,3446,3267.8065830055675,2637.8195431002173,38.90286251010391,1.517418550356328,3.0734967000677242,3.731113381679624,1.5174185503563273,3.0734967000677242,3.731113381679624
03.12.2020,293430,238127,3538,3312.6137395066135,2688.2826294090287,39.94147636701904,1.4102702224533623,2.7964715563510105,3.5447217896577294,1.4102702224533623,2.796471556351011,3.5447217896577286
04.12.2020,297245,243775,3651,3355.682346725431,2752.0444887987755,41.21716512605611,1.3299844698308878,2.6326120774377246,3.418848338278313,1.3299844698308885,2.632612077437724,3.418848338278313
05.12.2020,300689,249441,3757,3394.5626306734284,2816.0095552474836,42.4138289177192,1.249371768233644,2.44130119501806,3.1802068506639416,1.249371768233646,2.44130119501806,3.18020685066394
06.12.2020,303430,252765,3840,3425.5065500408673,2853.5351254690695,43.35083924515351,1.1698668425536969,2.2044482288522116,3.083993378993867,1.169866842553697,2.2044482288522125,3.0839933789938683
07.12.2020,305693,256811,3897,3451.054193064769,2899.211556611229,43.99432826519876,1.1360601499568808,2.1240971890638494,2.932577891301205,1.1360601499568819,2.1240971890638485,2.9325778913012077
08.12.2020,308070,262314,4002,3477.8888141287607,2961.3364702482286,45.17970277580843,1.0937432841867643,2.0561433675617464,2.6848619388345942,1.0937432841867634,2.0561433675617447,2.6848619388345973
09.12.2020,311002,265815,4056,3510.9889861774045,3000.860243216271,45.789323952693394,1.0309482429815533,1.8599907923692611,2.3577515949732275,1.030948242981556,1.859990792369261,2.357751594973226
10.12.2020,313688,269665,4163,3541.311995086905,3044.3239752719587,46.997277025409915,0.9584469383704423,1.7936072427521705,2.3532237404297476,0.9584469383704418,1.7936072427521705,2.353223740429748
11.12.2020,316581,273503,4289,3573.971885174464,3087.6522359550054,48.41972643814152,0.9044632573228941,1.6580934950955937,2.3293335415722365,0.9044632573228923,1.6580934950955923,2.3293335415722387
12.12.2020,319822,277883,4415,3610.560445068616,3137.0992869690085,49.84217585087312,0.8851933225688012,1.5548321412865411,2.334252622463502,0.8851933225687993,1.5548321412865407,2.334252622463505
13.12.2020,322463,281106,4473,3640.3754363307125,3173.4846398041987,50.496954151971785,0.8729360009174225,1.5301551418962198,2.2063231665510377,0.8729360009174215,1.5301551418962203,2.2063231665510386
14.12.2020,325051,284174,4530,3669.5920956969776,3208.120154076108,51.14044317201704,0.8810454890243332,1.4573989910349368,2.1763142439679197,0.8810454890243318,1.4573989910349376,2.17631424396792
15.12.2020,327679,287750,4648,3699.2603263053793,3248.490623123157,52.47257833632123,0.8854613475789038,1.3310508428607246,2.163525132483429,0.8854613475789043,1.3310508428607257,2.163525132483427
16.12.2020,330343,291042,4764,3729.3349710317043,3285.654936351033,53.78213493851858,0.8656412065822109,1.3038206522459426,2.327292523437571,0.8656412065822082,1.3038206522459406,2.327292523437573
17.12.2020,332828,294315,4982,3757.3888344494667,3322.604753238895,56.24319820816532,0.8497252608407239,1.2575641104573962,2.6041381669757158,0.8497252608407228,1.2575641104573967,2.604138166975717
18.12.2020,334913,297424,5127,3780.9269854458585,3357.7031280339947,57.880143960911994,0.8074675091826717,1.2051503712980203,2.5875402035390103,0.8074675091826714,1.2051503712980225,2.58754020353901
19.12.2020,337209,300611,5209,3806.8471747445237,3393.6820667512607,58.80586500729288,0.7591533002245153,1.1294488404340048,2.3963442216222535,0.7591533002245169,1.129448840434004,2.396344221622253
20.12.2020,338854,303213,5351,3825.4180420774082,3423.056776052274,60.408942916879276,0.7108756127940025,1.087410240788208,2.5981081903658834,0.7108756127940026,1.087410240788209,2.5981081903658825
21.12.2020,340373,305658,5435,3842.5664599975617,3450.659068227899,61.35724252536701,0.660261749976881,1.0466903265502223,2.6403206897170284,0.6602617499768816,1.0466903265502208,2.640320689717027
22.12.2020,342226,309595,5540,3863.485497789559,3495.1049677352344,62.542617035976676,0.6225352134112415,1.0509270314688441,2.544187291281285,0.6225352134112428,1.0509270314688421,2.544187291281285
23.12.2020,344357,312921,5654,3887.5429557144084,3532.653116518927,63.82959507606718,0.595349094706396,1.0409639032195785,2.481625099687236,0.5953490947063985,1.0409639032195783,2.4816250996872355
24.12.2020,347204,315952,5745,3919.6835388735108,3566.8709273918603,64.85691965192889,0.6059933599120556,1.0186832066809997,2.057838449435561,0.605993359912058,1.0186832066810008,2.0578384494355606
25.12.2020,349055,318154,5783,3940.579998103401,3591.729924271503,65.28591233195905,0.5926599713670192,0.9673389379935383,1.7365480229727805,0.5926599713670218,0.9673389379935377,1.7365480229727812
26.12.2020,350484,320753,5843,3956.7123807287453,3621.0707657293556,65.96326919516457,0.5532085281075896,0.9309626167289504,1.656283440581497,0.5532085281075877,0.9309626167289532,1.6562834405814952
27.12.2020,351892,323002,5881,3972.6076884519684,3646.460358818509,66.39226187519475,0.540908836003083,0.9074757770105408,1.3597548379677729,0.5409088360030828,0.9074757770105408,1.359754837967776
28.12.2020,353484,326768,5931,3990.580223889022,3688.975791265709,66.956725927866,0.5414996755479733,0.9588433784080311,1.2569541961962234,0.5414996755479731,0.9588433784080321,1.2569541961962223
29.12.2020,355352,328974,6059,4011.668600896821,3713.8799452695653,68.40175390270446,0.5392212678923781,0.8712799244655175,1.2892726760802908,0.5392212678923792,0.8712799244655182,1.289272676080291
30.12.2020,357902,330990,6149,4040.456267583055,3736.639135873271,69.41778919751275,0.5527798955601059,0.8053524431722613,1.2075058041459739,0.5527798955601038,0.8053524431722622,1.2075058041459736
31.12.2020,360815,332952,6222,4073.3419432916835,3758.788705300092,70.24190671441279,0.5509444207005695,0.751659881932882,1.1471779318553832,0.5509444207005684,0.7516598819328814,1.147177931855381
01.01.2021,362911,334901,6261,4097.004276379663,3780.791514073218,70.68218867549639,0.5577717257201352,0.735721075554877,1.1422298412464562,0.5577717257201332,0.7357210755548766,1.1422298412464564
02.01.2021,364302,336922,6275,4112.707666324978,3803.6071510821903,70.84023861024434,0.5540429395327514,0.7052299222361602,1.0259559378259993,0.5540429395327542,0.7052299222361584,1.0259559378259995
03.01.2021,365768,338831,6324,4129.257752349299,3825.15838861318,71.39341338186219,0.5541405400277924,0.6860066947725488,1.0446024588054783,0.5541405400277923,0.6860066947725494,1.0446024588054768
04.01.2021,367410,340273,6357,4147.794751839024,3841.437531892219,71.76595965662523,0.553641526420174,0.5802415292423773,0.9976918997916516,0.5536415264201733,0.5802415292423765,0.9976918997916532
05.01.2021,369721,343039,6457,4173.88428035349,3872.6636832859936,72.89488776196777,0.568004908288261,0.5999243885108742,0.9141086105705212,0.5680049082882593,0.5999243885108747,0.914108610570522
06.01.2021,372190,344974,6525,4201.7575152743975,3894.508442124372,73.6625588736007,0.5608909840308903,0.5929617339743898,0.8523553269919889,0.5608909840308928,0.5929617339743913,0.8523553269919903
07.01.2021,374730,346901,6568,4230.432289150098,3916.262886714322,74.14799795889799,0.5421105817753143,0.5880796866032185,0.7769008874637723,0.5421105817753145,0.5880796866032166,0.7769008874637745
08.01.2021,376793,349215,6641,4253.722075963314,3942.386283071949,74.97211547579803,0.5377709534416654,0.5997481776845713,0.8461353662635788,0.5377709534416641,0.5997481776845713,0.8461353662635774
09.01.2021,379071,351382,6687,4279.439058203017,3966.850155114722,75.4914224042556,0.5693832992248562,0.6021871361228666,0.9131439826078368,0.5693832992248545,0.6021871361228681,0.9131439826078367
10.01.2021,380722,353749,6723,4298.077661222223,3993.57188336818,75.89783652217892,0.574115453343273,0.6174765461110087,0.8784984846151891,0.5741154533432733,0.6174765461110088,0.8784984846151892
11.01.2021,382258,355530,6747,4315.417996920284,4013.6780929243305,76.16877926746113,0.5676191022924811,0.6286027498877306,0.8549501785630537,0.5676191022924817,0.628602749887732,0.8549501785630541
12.01.2021,383833,357562,6819,4333.198614579429,4036.6179120248903,76.98160750330776,0.5366230749150219,0.5941262298791485,0.7826747348205367,0.5366230749150217,0.5941262298791476,0.7826747348205363
13.01.2021,385750,359692,6868,4354.840166358846,4060.664080668687,77.5347822749256,0.5125709459686386,0.5986440985432873,0.7348832766422773,0.512570945968638,0.5986440985432876,0.7348832766422758
14.01.2021,389260,362931,6921,4394.465542856369,4097.230062000731,78.13311417075715,0.5450664618724871,0.6474869302887568,0.7509819888026849,0.5450664618724883,0.6474869302887557,0.7509819888026849
15.01.2021,390788,365214,6987,4411.715564306002,4123.003490645702,78.87820672028323,0.5224964584392339,0.6420578002807957,0.7284348412699905,0.5224964584392346,0.6420578002807966,0.7284348412699925
16.01.2021,392511,367785,7053,4431.166995561055,4152.028232234058,79.62329926980931,0.49911474875707335,0.653977256698125,0.7644269347210856,0.49911474875707473,0.6539772566981229,0.764426934721088
17.01.2021,393778,369218,7082,4445.470514655744,4168.2057719836175,79.95068842035865,0.48300832592793247,0.6134063933283816,0.746257583665697,0.48300832592793225,0.6134063933283823,0.7462575836656986
18.01.2021,394939,370865,7122,4458.577369958772,4186.799217878608,80.40225966249565,0.4674929250679972,0.6052083370590161,0.7759473994413983,0.4674929250679975,0.605208337059013,0.7759473994413977
19.01.2021,396425,373090,7199,4475.353241604162,4211.91786822248,81.27153430360941,0.46238367531412444,0.6092665783311139,0.7779496889903763,0.46238367531412494,0.6092665783311151,0.7779496889903778
20.01.2021,398096,374824,7237,4494.217630244436,4231.49348156912,81.70052698363958,0.45125244079297533,0.5905617681745736,0.7507026394782336,0.45125244079297644,0.590561768174575,0.7507026394782341
21.01.2021,399798,376360,7288,4513.431986597366,4248.833817267181,82.27628031736427,0.382340914846794,0.5204617232450816,0.7411336510003039,0.382340914846793,0.5204617232450837,0.7411336510003032
22.01.2021,401886,378408,7330,4537.004005436917,4271.954264864597,82.75043012160813,0.40087292234610056,0.5083352456089314,0.6872294184687181,0.40087292234610084,0.5083352456089304,0.6872294184687168
23.01.2021,403512,380248,7389,4555.360376429788,4292.726542002899,83.41649770376024,0.39568554056221306,0.47723193495965394,0.6672722616284276,0.3956855405622127,0.4772319349596543,0.6672722616284278
24.01.2021,404714,381654,7418,4568.930092256004,4308.599271164016,83.74388685430957,0.3921271222931454,0.4743932025184262,0.6646012259763762,0.39212712229314434,0.4743932025184257,0.664601225976374
