country,Albania,Armenia,Austria,Azerbaijan,Belarus,Belgium,Bosnia and Herzegovina,Bulgaria,Croatia,Czechia,Denmark,Estonia,Finland,France,Georgia,Germany,Greece,Hungary,Ireland,Italy,Kazakhstan,Kosovo,Latvia,Lithuania,Luxembourg,Malta,Moldova,Montenegro,Netherlands,North Macedonia,Norway,Poland,Portugal,Romania,Russia,Serbia,Slovakia,Slovenia,Spain,Sweden,Switzerland,Turkey,Ukraine,United Kingdom
22.01.2020,0,0,0,0,0,0,0,0,0,0,0,0,0,0,0,0,0,0,0,0,0,0,0,0,0,0,0,0,0,0,0,0,0,0,0,0,0,0,0,0,0,0,0,0
23.01.2020,0,0,0,0,0,0,0,0,0,0,0,0,0,0,0,0,0,0,0,0,0,0,0,0,0,0,0,0,0,0,0,0,0,0,0,0,0,0,0,0,0,0,0,0
24.01.2020,0,0,0,0,0,0,0,0,0,0,0,0,0,0,0,0,0,0,0,0,0,0,0,0,0,0,0,0,0,0,0,0,0,0,0,0,0,0,0,0,0,0,0,0
25.01.2020,0,0,0,0,0,0,0,0,0,0,0,0,0,0,0,0,0,0,0,0,0,0,0,0,0,0,0,0,0,0,0,0,0,0,0,0,0,0,0,0,0,0,0,0
26.01.2020,0,0,0,0,0,0,0,0,0,0,0,0,0,0,0,0,0,0,0,0,0,0,0,0,0,0,0,0,0,0,0,0,0,0,0,0,0,0,0,0,0,0,0,0
27.01.2020,0,0,0,0,0,0,0,0,0,0,0,0,0,0,0,0,0,0,0,0,0,0,0,0,0,0,0,0,0,0,0,0,0,0,0,0,0,0,0,0,0,0,0,0
28.01.2020,0,0,0,0,0,0,0,0,0,0,0,0,0,0,0,0,0,0,0,0,0,0,0,0,0,0,0,0,0,0,0,0,0,0,0,0,0,0,0,0,0,0,0,0
29.01.2020,0,0,0,0,0,0,0,0,0,0,0,0,0,0,0,0,0,0,0,0,0,0,0,0,0,0,0,0,0,0,0,0,0,0,0,0,0,0,0,0,0,0,0,0
30.01.2020,0,0,0,0,0,0,0,0,0,0,0,0,0,0,0,0,0,0,0,0,0,0,0,0,0,0,0,0,0,0,0,0,0,0,0,0,0,0,0,0,0,0,0,0
31.01.2020,0,0,0,0,0,0,0,0,0,0,0,0,0,0,0,0,0,0,0,0,0,0,0,0,0,0,0,0,0,0,0,0,0,0,0,0,0,0,0,0,0,0,0,0
01.02.2020,0,0,0,0,0,0,0,0,0,0,0,0,0,0,0,0,0,0,0,0,0,0,0,0,0,0,0,0,0,0,0,0,0,0,0,0,0,0,0,0,0,0,0,0
02.02.2020,0,0,0,0,0,0,0,0,0,0,0,0,0,0,0,0,0,0,0,0,0,0,0,0,0,0,0,0,0,0,0,0,0,0,0,0,0,0,0,0,0,0,0,0
03.02.2020,0,0,0,0,0,0,0,0,0,0,0,0,0,0,0,0,0,0,0,0,0,0,0,0,0,0,0,0,0,0,0,0,0,0,0,0,0,0,0,0,0,0,0,0
04.02.2020,0,0,0,0,0,0,0,0,0,0,0,0,0,0,0,0,0,0,0,0,0,0,0,0,0,0,0,0,0,0,0,0,0,0,0,0,0,0,0,0,0,0,0,0
05.02.2020,0,0,0,0,0,0,0,0,0,0,0,0,0,0,0,0,0,0,0,0,0,0,0,0,0,0,0,0,0,0,0,0,0,0,0,0,0,0,0,0,0,0,0,0
06.02.2020,0,0,0,0,0,0,0,0,0,0,0,0,0,0,0,0,0,0,0,0,0,0,0,0,0,0,0,0,0,0,0,0,0,0,0,0,0,0,0,0,0,0,0,0
07.02.2020,0,0,0,0,0,0,0,0,0,0,0,0,0,0,0,0,0,0,0,0,0,0,0,0,0,0,0,0,0,0,0,0,0,0,0,0,0,0,0,0,0,0,0,0
08.02.2020,0,0,0,0,0,0,0,0,0,0,0,0,0,0,0,0,0,0,0,0,0,0,0,0,0,0,0,0,0,0,0,0,0,0,0,0,0,0,0,0,0,0,0,0
09.02.2020,0,0,0,0,0,0,0,0,0,0,0,0,0,0,0,0,0,0,0,0,0,0,0,0,0,0,0,0,0,0,0,0,0,0,0,0,0,0,0,0,0,0,0,0
10.02.2020,0,0,0,0,0,0,0,0,0,0,0,0,0,0,0,0,0,0,0,0,0,0,0,0,0,0,0,0,0,0,0,0,0,0,0,0,0,0,0,0,0,0,0,0
11.02.2020,0,0,0,0,0,0,0,0,0,0,0,0,0,0,0,0,0,0,0,0,0,0,0,0,0,0,0,0,0,0,0,0,0,0,0,0,0,0,0,0,0,0,0,0
12.02.2020,0,0,0,0,0,0,0,0,0,0,0,0,0,0,0,0,0,0,0,0,0,0,0,0,0,0,0,0,0,0,0,0,0,0,0,0,0,0,0,0,0,0,0,0
13.02.2020,0,0,0,0,0,0,0,0,0,0,0,0,0.0,0.0,0,0,0,0,0,0,0,0,0,0,0,0,0,0,0,0,0,0,0,0,0.0,0,0,0,0,0,0,0,0,0.0
14.02.2020,0,0,0,0,0,0,0,0,0,0,0,0,0.0,0.0,0,0.0,0,0,0,0,0,0,0,0,0,0,0,0,0,0,0,0,0,0,0.0,0,0,0,0,0,0,0,0,0.0
15.02.2020,0,0,0,0,0,0,0,0,0,0,0,0,0.0,100.0,0,0.0,0,0,0,0,0,0,0,0,0,0,0,0,0,0,0,0,0,0,0.0,0,0,0,0,0,0,0,0,0.0
16.02.2020,0,0,0,0,0,0,0,0,0,0,0,0,0.0,0.0,0,0.0,0,0,0,0,0,0,0,0,0,0,0,0,0,0,0,0,0,0,0.0,0,0,0,0.0,0,0,0,0,700.0
17.02.2020,0,0,0,0,0,0,0,0,0,0,0,0,0.0,0.0,0,0.0,0,0,0,0,0,0,0,0,0,0,0,0,0,0,0,0,0,0,0.0,0,0,0,0.0,0,0,0,0,0.0
18.02.2020,0,0,0,0,0,0.0,0,0,0,0,0,0,0.0,0.0,0,1100.0000000000002,0,0,0,0,0,0,0,0,0,0,0,0,0,0,0,0,0,0,0.0,0,0,0,0.0,0,0,0,0,0.0
19.02.2020,0,0,0,0,0,0.0,0,0,0,0,0,0,0.0,0.0,0,0.0,0,0,0,0,0,0,0,0,0,0,0,0,0,0,0,0,0,0,0.0,0,0,0,0.0,0,0,0,0,0.0
20.02.2020,0,0,0,0,0,0.0,0,0,0,0,0,0,0.0,0.0,0,0.0,0,0,0,0,0,0,0,0,0,0,0,0,0,0,0,0,0,0,0.0,0,0,0,0.0,0,0,0,0,0.0
21.02.2020,0,0,0,0,0,0.0,0,0,0,0,0,0,0.0,0.0,0,16.66666666666665,0,0,0,0,0,0,0,0,0,0,0,0,0,0,0,0,0,0,0.0,0,0,0,0.0,0,0,0,0,0.0
22.02.2020,0,0,0,0,0,0.0,0,0,0,0,0,0,0.0,0.0,0,0.0,0,0,0,0,0,0,0,0,0,0,0,0,0,0,0,0,0,0,0.0,0,0,0,0.0,0,0,0,0,0.0
23.02.2020,0,0,0,0,0,0.0,0,0,0,0,0,0,0.0,0.0,0,0.0,0,0,0,100.0,0,0,0,0,0,0,0,0,0,0,0,0,0,0,0.0,0,0,0,0.0,0,0,0,0,0.0
24.02.2020,0,0,0,0,0,0.0,0,0,0,0,0,0,0.0,0.0,0,0.0,0,0,0,-50.0,0,0,0,0,0,0,0,0,0,0,0,0,0,0,0.0,0,0,0,0.0,0,0,0,0,0.0
25.02.2020,0,0,0,0,0,0.0,0,0,0,0,0,0,0.0,175.00000000000003,0,0.0,0,0,0,0.0,0,0,0,0,0,0,0,0,0,0,0,0,0,0,0.0,0,0,0,0.0,0,0,0,0,0.0
26.02.2020,0,0,0,0,0,0.0,0,0,0,0,0,0,0.0,0.0,0,7.142857142857162,0,0,0,199.99999999999997,0,0,0,0,0,0,0,0,0,0,0,0,0,0,0.0,0,0,0,0.0,0,0,0,0,0.0
27.02.2020,0,0,0,0,0,0.0,0,0,0,0,0,0,0.0,0.0,0,6.666666666666645,0,0,0,1399.9999999999998,0,0,0,0,0,0,0,0,0,0,0,0,0,0,0.0,0,0,0,0.0,0,0,0,0,0.0
28.02.2020,0,0,0,0,0,0.0,0,0,0,0,0,0,0.0,0.0,0,0.0,0,0,0,2.2222222222222183,0,0,0,0,0,0,0,0,0,0,0,0,0,0,0.0,0,0,0,0.0,0,0,0,0,0.0
29.02.2020,0,0,0,0,0,0.0,0,0,0,0,0,0,0.0,9.090909090909086,0,0.0,0,0,0,0.0,0,0,0,0,0,0,0,0,0,0,0,0,0,0,0.0,0,0,0,0.0,0,0,0,0,0.0
01.03.2020,0,0,0,0,0,0.0,0,0,0,0,0,0,0.0,0.0,0,0.0,0,0,0,80.43478260869567,0,0,0,0,0,0,0,0,0,0,0,0,0,0,0.0,0,0,0,0.0,0,0,0,0,0.0
02.03.2020,0,0,0,0,0,0.0,0,0,0,0,0,0,0.0,0.0,0,0.0,0,0,0,79.51807228915662,0,0,0,0,0,0,0,0,0,0,0,0,0,0,0.0,0,0,0,0.0,0,0,0,0,0.0
03.03.2020,0,0,0,0,0,0.0,0,0,0,0,0,0,0.0,0.0,0,0.0,0,0,0,7.382550335570462,0,0,0,0,0,0,0,0,0,0,0,0,0,0,0.0,0,0,0,0.0,0,0,0,0,0.0
04.03.2020,0,0,0,0,0,0.0,0,0,0,0,0,0,0.0,0.0,0,0.0,0,0,0,72.49999999999999,0,0,0,0,0,0,0,0,0,0,0,0,0,0,0.0,0,0,0,0.0,0,50.000000000000014,0,0,0.0
05.03.2020,0,0,0,0,0,0.0,0,0,0,0,0,0,0.0,0.0,0,0.0,0,0,0,50.00000000000002,0,0,0,0,0,0,0,0,0,0,0,0,0,0.0,0.0,0,0,0,0.0,0,0.0,0,0,0.0
06.03.2020,0,0,0,0,0,0.0,0,0,0,0,0,0,0.0,0.0,0,6.249999999999998,0,0,0,26.328502415458942,0,0,0,0,0,0,0,0,0,0,0,0,0,0.0,0.0,0,0,0,0.0,0,0.0,0,0,0.0
07.03.2020,0,0,0,0,0,0.0,0,0,0,0,0.0,0,0.0,0.0,0,5.882352941176486,0,0,0,12.61950286806884,0,0,0,0,0,0,0,0,0,0,0,0,0,200.00000000000006,0.0,0,0,0,1399.9999999999998,0,0.0,0,0,125.0
08.03.2020,0,0,0,0,0,0.0,0,0,0,0,0.0,0,0.0,0.0,0,0.0,0,0,0,5.602716468590805,0,0,0,0,0,0,0,0,0,0,0,0,0,0.0,49.999999999999986,0,0,0,0.0,0,0.0,0,0,0.0
09.03.2020,0,0,0,0,0,0.0,0,0,0,0,0.0,0,0.0,0.0,0,0.0,0,0,0,16.398713826366574,0,0,0,0,0,0,0,0,0,0,0,0,0,0.0,0.0,0,0,0,6.6666666666666705,0,0.0,0,0,0.0
10.03.2020,0,0,100.0,0,199.99999999999997,0.0,0,0,0,0,0.0,0,0.0,0.0,0,0.0,0,0,0,0.0,0,0,0,0,0,0,0,0,0,0,0.0,0,0,0.0,0.0,0,0,0,0.0,0,0.0,0,0,5.5555555555555465
11.03.2020,0,0,0.0,0,0.0,0.0,0,0,0,0,0.0,0,0.0,0.0,0,38.88888888888888,0,0,0,44.33701657458565,0,0,0.0,0,0,0,0,0,0,0,0.0,0,0,100.0,0.0,0,0,0,471.8750000000001,0,33.33333333333332,0,0,0.0
12.03.2020,0,0,0.0,0.0,0.0,0.0,0,0,0,0,0.0,0,0.0,0.0,0,0.0,0,0,0,0.0,0,0,0.0,0,0,0,0,0,0,0,0.0,0,0,0.0,0.0,0,0,0,0.0,0,0.0,0,0,0.0
13.03.2020,0,0,50.0,0.0,0.0,0.0,0,0,0,0,0.0,0,0.0,0.0,0,84.00000000000001,0,0,0,37.703349282296635,0,0,0.0,0,0,0,0,0,0,0,0.0,0,0,16.666666666666657,0.0,0,0,0,5.464480874316928,0,0.0,0,0,0.0
14.03.2020,0,0,0.0,0.0,0.0,0.0,0,0,0.0,0,0.0,0,0.0,0.0,0,0.0,0,0,0,36.62265462126477,0,0,0.0,0,0,0.0,0,0,0,0.0,0.0,0,100.0,28.571428571428577,166.66666666666669,0,0,0,167.8756476683938,0,0.0,0,0,0.0
15.03.2020,0,0,0.0,100.0,0.0,0.0,0,0,0.0,0,0.0,0,899.9999999999998,0.0,0,0.0,0.0,0.0,0,18.769074262461853,0,0,0.0,0,0,0.0,0,0,0,0.0,0.0,0,0.0,0.0,0.0,0,0,0,0.0,0,0.0,0,0,0.0
16.03.2020,0,0,0.0,0.0,0.0,0.0,0,0,100.0,0,0.0,0.0,0.0,0.0,0,45.652173913043484,0.0,0.0,0,17.730192719486077,0,0,0.0,0.0,0,100.0,0,0,0,0.0,0.0,0,50.0,0.0,0.0,0,0,0,2.5145067698259074,0,0.0,0,0,10.526315789473681
17.03.2020,0,0,-83.33333333333334,0.0,0.0,0.0,0,0,100.0,0.0,0.0,0.0,0.0,0.0,0.0,0.0,0.0,100.0,0,6.984357948344861,0,0,0.0,0.0,0,0.0,0,0,0,0.0,0.0,0.0,0.0,77.77777777777779,0.0,0.0,0,0,93.9622641509434,0,0.0,0,0,152.3809523809524
18.03.2020,0,0.0,800.0,0.0,66.66666666666669,3000.0000000000005,0.0,0,0.0,0.0,0.0,0.0,0.0,0.0,0.0,56.71641791044778,0.0,0.0,0.0,36.85821149268958,0,0,0.0,0.0,0,0.0,0.0,0,0,0.0,0.0,0.0,0.0,18.750000000000004,0.0,0.0,0,0,5.155642023346321,0,275.0,0,0,26.415094339622623
19.03.2020,0,0.0,0.0,0.0,0.0,0.0,0.0,0,24.999999999999993,0.0,0.0,0.0,0.0,0.0,0.0,7.619047619047616,0.0,0.0,0.0,10.310559006211161,0,0,0.0,0.0,0,0.0,0.0,0,0,0.0,0.0,-92.3076923076923,0.0,31.578947368421055,12.499999999999988,0.0,0,0,2.405180388529129,0,0.0,0,0,0.0
20.03.2020,0,0.0,0.0,0.0,0.0,-96.77419354838709,0.0,0,0.0,33.33333333333335,0.0,0.0,0.0,0.0,0.0,59.29203539823007,137.5,0.0,0.0,0.0,0,0,0.0,0.0,0,0.0,0.0,0,0,0.0,0.0,0.0,66.66666666666666,0.0,0.0,0.0,0,0,43.45076784101175,0,0.0,0,0,0.0
21.03.2020,0,0.0,0.0,83.33333333333334,199.99999999999997,26200.0,0.0,0,0.0,49.999999999999986,0.0,0.0,0.0,0.0,0.0,29.444444444444446,0.0,249.99999999999994,0.0,36.756756756756765,0,0,0.0,0.0,0,0.0,0.0,0,0,0.0,0.0,0.0,0.0,108.00000000000003,33.33333333333333,0.0,0,0,33.816120906801,0,0.0,0,0,0.0
22.03.2020,0.0,100.0,0.0,-9.090909090909099,0.0,0.0,0.0,0.0,0.0,0.0,0.0,100.0,0.0,18283.333333333336,200.0,14.163090128755348,0.0,128.57142857142858,0.0,15.67852437417655,0,0,0.0,0.0,0,0.0,0.0,0,0,0.0,0.0,0.0,0.0,23.076923076923055,33.33333333333335,0.0,0,0,21.176470588235308,0,773.3333333333333,0,0.0,0.0
23.03.2020,0.0,0.0,0.0,0.0,0.0,0.0,0.0,0.0,0.0,0.0,0.0,0.0,0.0,0.0,0.0,0.0,0.0,0.0,0.0,0.0,0,0,0.0,0.0,0.0,0.0,0.0,0,0,0.0,0.0,0.0,0.0,0.0,0.0,0.0,0.0,0,0.0,0,0.0,0,0.0,0.0
24.03.2020,400.0,600.0,0.0,0.0,46.66666666666667,75.28517110266162,0.0,0.0,0.0,66.66666666666667,3500.000000000001,250.0,0.0,47.32547597461467,200.00000000000006,1119.1729323308273,52.63157894736843,31.250000000000007,0.0,18.536446469248276,0,0,0.0,0.0,0.0,0.0,100.0,0,0,0.0,500.0000000000001,0.0,340.00000000000006,23.437499999999982,37.49999999999998,1399.9999999999998,0.0,0,47.33980582524273,0,0.0,0,0.0,108.95522388059702
25.03.2020,70.0,14.285714285714288,0.0,0.0,31.818181818181813,18.655097613882855,0.0,33.33333333333333,340.00000000000006,0.0,13.888888888888875,14.285714285714276,0.0,20.215384615384632,11.111111111111093,9.374036386062276,24.137931034482754,0.0,0.0,12.442949795820324,0,0,0.0,0.0,0.0,0.0,0.0,0,0.0,0.0,0.0,599.9999999999999,0.0,8.860759493670912,31.818181818181824,0.0,0.0,0,41.460200316288876,0,0.0,0,0.0,0.0
26.03.2020,0.0,12.499999999999982,1144.4444444444443,50.000000000000014,0.0,23.40036563071298,0.0,100.0,0.0,0.0,21.951219512195124,0.0,0.0,26.823649859227032,10.000000000000005,59.93797575415846,0.0,33.33333333333333,0.0,10.670796838282422,0,0,0.0,0.0,0.0,0.0,0.0,0,200.00000000000006,200.00000000000006,0.0,0.0,95.45454545454544,9.30232558139535,31.034482758620697,0.0,-71.42857142857142,0.0,30.70616731880008,0,0.0,0.0,0.0,7.142857142857148
27.03.2020,82.35294117647058,55.55555555555558,100.89285714285717,0.0,10.344827586206899,27.111111111111104,149.99999999999997,12.50000000000002,68.18181818181819,10.000000000000012,14.000000000000009,37.5,0.0,15.176589303733593,27.27272727272727,17.36294729420061,44.44444444444445,21.428571428571434,0.0,5.6847794614419564,49.99999999999998,0,0.0,0.0,566.6666666666666,0.0,0.0,0,0.0,0.0,0.0,0.0,0.0,22.34042553191489,18.421052631578934,0.0,0.0,0.0,33.385602280826795,0,1067.93893129771,61.53846153846154,400.0,0.6666666666666672
28.03.2020,0.0,7.142857142857144,0.0,0.0,0.0,23.8927738927739,0.0,22.222222222222207,21.621621621621625,0.0,0.0,81.81818181818183,0.0,0.2978797967408549,0.0,27.380594773205154,0.0,0.0,0.0,13.0958904109589,433.33333333333337,0.0,0.0,0.0,0.0,0.0,0.0,0,0.0,0.0,16.66666666666665,0.0,0.0,20.869565217391305,8.888888888888905,0.0,0.0,0.0,31.292080795126626,0,0.0,66.66666666666669,0.0,0.0
29.03.2020,6.45161290322582,0.0,112.8888888888889,0.0,0.0,27.84571966133585,60.00000000000001,27.272727272727277,15.555555555555541,0.0,28.07017543859648,0.0,0.0,26.240391334730962,28.571428571428587,8.607475533545575,0.0,0.0,0.0,5.216408268733852,24.999999999999996,0.0,0.0,0.0,0.0,0.0,0.0,0,0.0,0.0,0.0,0.0,0.0,48.201438848920844,30.61224489795919,0.0,0.0,0.0,19.731379731379743,0,4.248366013071902,50.0,19.99999999999998,0.0
30.03.2020,33.333333333333314,0.0,32.77661795407097,73.33333333333336,0.0,12.362030905077251,112.49999999999997,21.42857142857143,28.846153846153832,127.27272727272727,0.0,0.0,0.0,10.21311929144755,11.111111111111093,46.563890999891456,0.0,0.0,0.0,12.202609363008447,4.9999999999999964,0.0,0.0,599.9999999999999,0.0,0.0,649.9999999999998,0,0.0,300.0,71.42857142857146,0.0,0.0,1.4563106796116654,3.124999999999993,0.0,249.99999999999994,0.0,14.0798150792032,0,14.294670846394975,54.285714285714285,33.33333333333335,13.24503311258278
31.03.2020,18.181818181818194,0.0,72.1698113207547,0.0,46.874999999999986,11.067452521283569,0.0,0.0,0.0,80.0,5.479452054794527,29.999999999999982,0.0,19.450025113008536,5.000000000000013,19.25925925925924,0.0,8.823529411764708,0.0,7.585499316005456,14.285714285714276,500.0,0.0,0.0,100.0,0.0,20.000000000000004,0,0.0,0.0,8.333333333333313,0.0,0.0,5.263157894736826,83.33333333333331,0.0,-57.14285714285714,0.0,14.773539928486295,0,0.0,49.99999999999999,25.000000000000007,4.6783625730994185
01.04.2020,28.84615384615384,3.3333333333333117,31.141552511415522,0.0,12.765957446808512,25.707547169811328,11.764705882352951,17.647058823529413,8.955223880597032,35.55555555555556,1161.038961038961,26.923076923076948,0.0,16.188373804267844,9.52380952380951,16.149068322981375,0.0,8.10810810810811,0.0,7.107889884925937,8.33333333333335,66.66666666666666,0.0,0.0,0.0,0.0,27.777777777777786,0,233.3333333333334,41.66666666666665,0.0,571.4285714285714,0.0,14.54545454545455,57.024793388429764,0.0,0.0,0.0,17.591775273897916,0,62.75370268787713,37.03703703703705,29.999999999999982,0.0
02.04.2020,13.432835820895535,6.45161290322583,21.796657381615617,0.0,0.0,17.02626641651031,5.263157894736841,24.999999999999986,20.547945205479454,9.8360655737705,20.70030895983523,36.36363636363634,2900.0,13.525739618203195,13.043478260869582,20.00000000000001,17.307692307692303,5.000000000000001,0.0,8.49409390395916,3.8461538461538427,0.0,2999.999999999999,0.0,0.0,0.0,0.0,0,0.0,0.0,146.1538461538462,19.148936170212753,58.13953488372094,5.952380952380961,23.684210526315784,0.0,66.66666666666666,599.9999999999999,18.086280743586357,0,35.25446579036062,24.624624624624616,46.15384615384615,7.26256983240223
03.04.2020,17.105263157894743,30.303030303030287,15.608919382504272,23.076923076923077,0.0,15.110220440881772,35.000000000000014,20.000000000000007,4.545454545454539,7.462686567164171,9.81228668941979,6.666666666666679,0.0,12.647433854000646,7.69230769230768,9.514260249554347,27.868852459016384,2.3809523809523685,0.0,8.09716599190284,7.407407407407401,0.0,-96.77419354838709,0.0,525.0,0.0,13.043478260869568,0,0.0,17.64705882352941,0.0,0.0,0.0,5.992509363295881,19.574468085106407,0.0,100.0,0.0,14.097146916950232,0,20.757538001495153,16.626506024096393,15.789473684210547,8.33333333333334
04.04.2020,11.235955056179762,0.0,23.98615232443126,0.0,0.0,13.057103064066844,11.111111111111107,13.33333333333334,29.347826086956523,8.33333333333334,7.148407148407139,22.916666666666643,0.0,10.166253979483544,28.571428571428587,7.426246185147513,0.0,34.88372093023256,399.99999999999994,6.265816378175937,24.137931034482758,60.00000000000001,0.0,0.0,0.0,0.0,11.538461538461538,0.0,19.99999999999999,0.0,0.0,107.14285714285717,10.294117647058817,16.254416961130726,18.505338078291807,0.0,0.0,12.857142857142872,12.145642840756404,0,32.37721832439125,62.396694214876014,13.636363636363628,3.3653846153846088
05.04.2020,5.050505050505051,32.558139534883715,19.585161547666537,0.0,-1.886792452830189,15.522020326455193,0.0,8.823529411764712,5.04201680672269,23.076923076923062,3.62581580855693,5.084745762711885,0.0,4.989725147701008,0.0,8.71212121212121,0.0,13.793103448275865,0.0,3.9007429986664013,16.666666666666668,43.75,0.0,0.0,0.0,150.00000000000003,3.4482758620689555,0.0,-41.666666666666664,15.0,0.0,15.517241379310336,0.0,13.677811550151983,6.606606606606601,0.0,0.0,0.0,11.283205236856702,0,0.0,32.569974554707365,11.999999999999995,6.5116279069767495
06.04.2020,11.538461538461538,8.771929824561395,15.510340226817881,37.5,1.9230769230769236,6.264996001066393,56.66666666666666,5.405405405405403,4.000000000000005,26.041666666666668,4.19874037788663,0.0,0.0,6.5997920362101645,8.33333333333332,0.0,244.87179487179495,1.5151515151515071,0.0,4.684849873939954,9.523809523809517,0.0,1500.0,14.285714285714308,0.0,0.0,23.33333333333333,0.0,14.28571428571427,30.434782608695667,0.0,20.89552238805972,86.66666666666669,8.556149732620323,14.366197183098569,0.0,-19.99999999999999,29.113924050632917,6.189600840336137,0,25.58067030397506,27.25527831094051,0.0,25.327510917030555
07.04.2020,12.931034482758614,40.32258064516132,16.835114062951202,0.0,1.886792452830189,4.290015052684383,44.68085106382978,7.692307692307687,28.46153846153846,42.14876033057852,8.865010073875089,11.290322580645148,0.0,12.020885930686262,17.948717948717942,25.71777003484322,0.0,5.970149253731361,0.0,6.809125541883781,10.869565217391298,4.347826086956518,0.0,0.0,0.0,0.0,8.108108108108118,300.0,175.00000000000003,0.0,0.0,17.901234567901213,31.428571428571423,13.300492610837445,21.674876847290665,0.0,62.499999999999986,0.0,6.852634963028906,0,8.0436941410129,19.30618401206637,0.0,13.240418118466899
08.04.2020,17.557251908396953,31.034482758620673,11.517548195748882,43.18181818181818,42.592592592592595,12.605244166466209,16.176470588235315,0.0,7.185628742514972,35.465116279069754,8.760024676125857,4.3478260869565215,0.0,9.880653588075592,8.695652173913048,28.32238574318891,0.0,32.394366197183096,0.0,8.605280419809782,5.882352941176487,25.00000000000001,0.0,0.0,0.0,219.99999999999997,0.0,0.0,0.0,16.666666666666654,0.0,16.23036649214661,6.521739130434781,14.782608695652158,17.4089068825911,0.0,23.07692307692308,17.64705882352941,11.139140899833366,0,12.591911764705896,16.68773704171934,25.000000000000018,6.153846153846159
09.04.2020,7.142857142857157,21.052631578947377,16.13475177304965,60.317460317460316,80.51948051948054,10.318308053834645,27.848101265822777,14.285714285714276,22.346368715083788,29.184549356223183,6.806579693703919,15.277777777777787,0.0,9.141338802908818,1.999999999999997,13.190064794816417,0.0,2.1276595744680855,0.0,7.470461666226259,11.111111111111102,0.0,0.0,0.0,0.0,0.0,24.99999999999999,0.0,27.272727272727277,5.714285714285718,0.0,27.927927927927914,4.591836734693862,22.5378787878788,20.344827586206875,0.0,43.749999999999986,6.66666666666666,8.629557901751307,0,8.163265306122454,16.034669555796306,28.571428571428566,4.057971014492768
10.04.2020,10.303030303030287,7.971014492753621,15.725190839694637,57.425742574257434,21.582733812949627,7.823392718822609,27.722772277227715,12.50000000000001,5.479452054794538,14.950166112956806,2.442910249601685,12.048192771084326,0.0,7.611156195276123,5.882352941176478,2.8736619153929928,0.0,16.666666666666657,0.0,6.972251492799435,6.666666666666679,73.3333333333333,0.0,574.9999999999999,0.0,0.0,12.000000000000002,0.0,32.14285714285714,10.810810810810818,0.0,11.971830985915512,13.658536585365882,12.673879443585784,13.896848137535814,0.0,0.0,7.031249999999993,6.715230518546934,0,4.716981132075461,13.118580765639601,35.55555555555557,63.788300835654574
11.04.2020,8.24175824175825,16.107382550335576,8.90501319261216,25.786163522012572,1.775147928994102,7.507183908045982,7.751937984496135,14.814814814814806,39.8268398268398,18.786127167630077,9.434940383618462,0.0,0.0,5.826552887477676,11.111111111111109,6.467827796635316,0.0,2.678571428571434,0.0,6.826465276637673,26.562499999999993,11.538461538461545,0.0,0.0,0.0,0.0,33.928571428571445,24.999999999999993,10.8108108108108,0.0,0.0,17.924528301886774,14.163090128755346,3.978052126200265,31.44654088050316,0.0,0.0,8.029197080291976,6.181289070920455,0,9.009009009009013,22.368964094098214,29.508196721311474,5.782312925170078
12.04.2020,10.15228426395938,13.8728323699422,5.799515445184732,25.0,18.023255813953483,7.968593384563969,38.84892086330933,9.677419354838717,15.479876160990722,12.895377128953758,8.526764566556137,5.376344086021514,0.0,3.0229156509019988,11.666666666666677,5.052264808362385,0.0,2.608695652173918,0.0,5.154607487551483,22.222222222222218,0.0,0.0,79.62962962962966,0.0,174.99999999999994,25.333333333333343,0.0,9.756097560975613,0.0,0.0,17.066666666666684,4.135338345864674,12.401055408970972,23.540669856459314,0.0,0.0,1.35135135135135,5.552453941024193,0,4.958677685950419,16.222596964586845,12.65822784810126,0.6430868167202458
13.04.2020,6.912442396313372,7.106598984771555,5.095176756834108,15.600000000000005,0.0,3.7753365310227465,6.735751295336799,4.411764705882339,7.238605898123305,11.853448275862064,4.888694893059802,4.081632653061217,0.0,1.9367286759619942,1.4925373134328335,6.633499170812586,0.0,1.6949152542372792,0.0,3.577796615123776,39.3939393939394,0.0,0.0,4.123711340206178,0.0,0.0,13.82978723404255,0.0,0.0,7.317073170731707,0.0,10.933940774487457,0.0,7.276995305164336,13.86522075910148,0.0,365.2173913043479,1.3333333333333444,3.744129762305479,0,7.874015748031499,14.828786999419624,8.9887640449438,-51.43769968051119
14.04.2020,6.896551724137924,25.59241706161138,3.9493395070134856,21.45328719723182,0.0,2.4004771134635527,14.563106796116509,14.084507042253536,3.7500000000000013,23.699421965317935,11.901789429879313,12.745098039215701,0.0,2.8713260240705694,1.4705882352941153,6.065318818040436,0.0,1.666666666666658,0.0,4.783406236771569,47.10144927536232,13.793103448275865,0.0,0.0,0.0,0.0,25.233644859813076,819.9999999999999,4.444444444444456,95.45454545454545,0.0,26.89938398357289,25.27075812274368,14.989059080962788,15.238095238095239,0.0,5.607476635514008,0.0,4.290327065984835,0,0.0,21.278746525145316,22.680412371134057,6.250000000000011
15.04.2020,1.20967741935484,12.075471698113233,6.091969081619286,15.099715099715109,0.0,3.479906814210841,7.20338983050847,29.629629629629633,13.975903614457847,27.570093457943912,8.7764968389736,1.7391304347825949,0.0,7.463981947578545,2.8985507246376767,6.451612903225801,0.0,57.37704918032789,208.00000000000006,2.5908968489092303,18.226600985221665,0.0,174.99999999999997,36.63366336633662,5.200000000000018,0.0,27.611940298507477,19.56521739130436,14.893617021276583,13.95348837209302,0.0,8.090614886731407,10.374639769452438,15.794481446241667,17.23730814639905,0.0,33.62831858407078,8.55263157894736,4.961187485186066,0,12.408759124087567,18.232965201083555,20.16806722689074,13.931888544891635
16.04.2020,10.358565737051817,20.538720538720533,10.965670535934803,13.861386138613852,0.0,6.402138736457001,9.486166007905137,16.190476190476197,11.83932346723045,18.681318681318672,9.504273504273494,13.675213675213687,466.6666666666667,5.999030851235659,7.042253521126761,6.060606060606072,0.0,3.645833333333325,0.0,5.439462354300133,15.416666666666679,19.696969696969692,29.54545454545453,28.98550724637682,4.942965779467681,86.36363636363636,37.426900584795305,0.0,12.96296296296297,23.469387755102026,0.0,15.86826347305388,28.72062663185378,11.503697617091206,16.01208459214501,0.0,10.596026490066228,5.45454545454546,5.566454490282689,0,3.2467532467532485,24.93831512160732,30.069930069930074,1.902173913043475
17.04.2020,2.166064981949442,12.290502793296085,7.990206988649012,14.782608695652188,68.47290640394088,5.276381909547738,15.523465703971118,15.573770491803268,13.421550094517965,20.781893004115258,11.48922884795504,9.022556390977424,0.0,4.9006461050835215,3.9473684210526363,7.940259740259742,0.0,4.020100502512563,0.0,6.381336520266889,25.27075812274367,6.329113924050628,54.38596491228073,17.977528089887638,4.891304347826084,10.975609756097587,17.44680851063831,0.0,6.55737704918033,14.876033057851245,0.0,11.886304909560739,5.273833671399616,11.127487103905693,12.413194444444452,3460.000000000001,4.790419161676648,0.0,0.0,0,3.144654088050316,21.752010156580624,32.25806451612904,5.0666666666666655
18.04.2020,6.713780918727928,30.09950248756217,5.255564715581194,11.742424242424226,0.0,4.861198341916851,5.624999999999994,8.510638297872337,2.499999999999988,4.514480408858595,12.881545785494266,11.724137931034488,0.0,4.540964555490992,8.860759493670882,2.7504391558582144,0.0,11.594202898550726,0.0,5.148969035972577,8.645533141210375,10.714285714285724,0.0,8.571428571428557,3.799654576856644,8.791208791208767,41.66666666666664,0.0,3.076923076923085,17.98561151079137,0.0,13.279445727482669,17.533718689788042,14.721485411140565,18.03088803088802,19.288389513108623,21.714285714285705,9.195402298850565,0.0,0,4.268292682926822,21.10995249681382,11.788617886178843,5.076142131979699
19.04.2020,3.9735099337748214,4.206500956022953,2.8098688075190905,20.677966101694913,44.44444444444443,4.899377096310502,2.6627218934911308,5.228758169934638,15.284552845528465,5.786471067644655,7.367898784420736,1.2345679012345583,0.0,1.6535586249061933,8.139534883720927,3.0444964871194427,0.0,8.22510822510822,0.0,4.736572662318869,6.1007957559681625,9.677419354838701,0.0,6.140350877192994,4.326123128119801,19.191919191919204,16.879795396419425,0.0,7.462686567164162,9.146341463414624,0.0,6.014271151885832,0.0,9.364161849710992,7.654563297350342,18.210361067503918,7.511737089201881,1.0526315789473868,3.4225971629878136,0,4.093567251461996,14.569979910073656,26.1818181818182,5.314009661835762
20.04.2020,4.140127388535041,6.422018348623849,1.2379773354918544,11.095505617977542,4.048582995951426,1.5758821514217112,9.798270893371768,3.7267080745341596,8.744710860366707,20.107858243451464,3.9510166358595242,0.6097560975609995,17.64705882352939,2.2718574006233427,2.150537634408599,3.9772727272727204,0.0,6.799999999999999,0.0,3.8720646052491787,11.75000000000001,20.588235294117663,0.0,0.0,1.5948963317384295,6.779661016949164,0.0,59.999999999999986,0.0,11.731843575419001,0.0,8.94230769230769,0.0,6.606765327695549,4.7098146460042605,15.537848605577684,9.606986899563342,0.5208333333333136,4.1754463073800805,0,4.49438202247192,12.14094856379424,3.4582132564841417,2.2935779816513695
21.04.2020,5.504587155963293,5.000000000000007,3.198193961057288,9.35524652338812,12.256809338521409,1.2029229904440817,14.698162729658787,1.7964071856287511,3.8910505836575875,12.443874278383579,8.668593020671263,2.424242424242419,0.0,4.736828036034106,2.1052631578947336,4.043715846994533,114.49814126394054,7.4906367041198605,11890.90909090909,5.571127524193379,9.395973154362414,4.065040650406501,51.13636363636363,23.1404958677686,5.180533751962323,19.047619047619037,10.503282275711173,14.772727272727273,2.7777777777777852,11.999999999999998,0.0,14.474845542806708,50.327868852459034,6.742687159147261,12.391178177597215,12.29885057471266,2.7888446215139155,2.072538860103644,2.3912045367118813,0,4.3010752688172005,11.079672375279248,2.2284122562674047,43.049327354260086
22.04.2020,3.1884057971014625,3.940886699507399,3.2540333606781644,4.855491329479768,33.27556325823221,4.787824927793814,5.263157894736821,2.352941176470587,8.489388264669158,13.462635482030807,7.915729187973001,8.875739644970414,0.0,3.7671320282790126,10.309278350515466,4.411764705882358,0.0,2.7874564459930316,0.0,5.703488372093036,5.316973415132925,7.812499999999993,0.0,19.79865771812081,6.119402985074637,10.000000000000002,10.891089108910897,14.85148514851485,36.48648648648647,21.428571428571427,0.0,16.653816499614503,24.64558342420936,11.751045053413849,14.123418538600575,4.91299897645853,10.077519379844965,4.060913705583733,4.121724798216047,0,2.577319587628867,10.450462528489076,15.531335149863775,7.053291536050153
23.04.2020,8.146067415730325,4.107424960505507,3.2309322033898185,4.52039691289967,21.97659297789338,3.8905968408777603,5.434782608695671,9.19540229885057,1.6110471806674453,8.195072900955257,5.629264594389686,4.347826086956526,0.0,3.5196891064269353,3.738317757009356,3.9235412474848976,0.0,32.20338983050846,0.0,5.560750233760516,8.737864077669908,15.217391304347814,0.0,11.764705882352935,2.390998593530244,23.63636363636364,18.03571428571427,6.034482758620695,0.0,10.661764705882353,0.0,15.003304692663576,5.074365704286976,2.992518703241882,10.656108597285062,4.0975609756097615,1.4084507042253698,2.9268292682926984,3.8817435837746608,0,3.517587939698499,12.223098865084648,18.867924528301884,4.245973645680815
24.04.2020,2.33766233766234,10.470409711684388,1.5221481101419658,6.85654008438817,19.402985074626866,3.285714285714296,10.927835051546388,3.684210526315796,11.211778029445066,10.176579925650556,2.5479992822537256,7.291666666666657,25.0,3.338243679908763,18.918918918918912,6.292352371732822,0.0,17.435897435897445,0.0,5.075031263026243,7.857142857142844,1.8867924528301974,100.75187969924811,7.769423558897248,313.04945054945057,9.313725490196074,14.220877458396371,0.0,0.990099009900988,11.960132890365454,0.0,11.72413793103447,2.2481265611990002,13.680387409200975,13.841750153342868,2.5304592314901657,23.263888888888886,0.0,3.478991596638644,0,1.9417475728155325,17.55448596614571,55.15873015873015,1.685393258426978
25.04.2020,2.2842639593908522,10.302197802197794,1.9457547169811362,6.614017769002961,40.44642857142856,2.9144437858130687,10.037174721189592,0.0,5.29531568228105,3.458456347532694,2.502187226596664,10.679611650485455,0.0,2.531441841215831,5.303030303030313,0.0,0.0,0.0,0.0,4.334027571159386,6.95364238410596,1.8518518518518605,0.0,6.976744186046512,2.6937146657798317,11.659192825112115,9.271523178807959,24.390243902439003,0.0,10.97922848664687,0.0,9.362139917695483,3.9902280130293057,2.5914093006744845,12.248563218390816,5.3016453382084014,8.732394366197179,3.7914691943127923,3.630556006713223,0,1.4285714285714128,17.68873349588258,0.0,6.906077348066308
26.04.2020,1.7369727047146462,3.7359900373599,1.4789721556638735,5.462962962962979,7.755880483153224,3.532686954017489,5.405405405405404,4.060913705583754,6.673114119922639,3.7505095801059896,2.321611471491976,2.1929824561403435,0.0,0.6929183298201572,7.194244604316546,2.0036429872495534,0.0,5.895196506550225,0.0,2.864385297845372,5.572755417956672,0.6060606060605959,0.0,1.5217391304347854,0.5181347150259221,13.253012048192772,8.484848484848472,0.0,14.705882352941183,33.68983957219251,0.0,6.5380997177798665,4.072043852779941,5.67474048442906,8.271999999999997,2.604166666666664,2.0725388601036396,0.9132420091324192,2.783466376896418,0,2.3474178403755883,13.908216714877659,7.416879795396408,0.5167958656330658
27.04.2020,2.9268292682926984,1.8007202881152393,0.6513597134017133,2.019315188762076,2.654867256637174,0.8623087621696751,5.6089743589743595,0.48780487804878775,5.7116953762465945,11.041257367387043,2.5692359025692446,0.0,0.0,1.3584838429503645,4.697986577181195,2.2321428571428594,0.0,2.680412371134006,0.0,2.612124199112873,5.571847507331359,21.084337349397583,0.0,1.4989293361884184,0.6121134020618393,1.4184397163120528,3.3519553072625605,23.529411764705895,0.0,10.6,0.0,8.874172185430465,2.1068472535741285,2.8487229862475405,8.556228757204073,2.2842639593908585,2.2842639593908447,0.0,2.54442320985646,0,1.8348623853211108,15.960878517501717,2.8571428571428705,3.727506426735214
28.04.2020,2.1327014218009377,2.122641509433977,1.7634686943860376,5.077452667814112,14.540229885057448,0.5975363118220217,3.490136570561452,7.766990291262131,5.660377358490567,4.3170559094125815,2.6837996096291348,3.0042918454935483,12.000000000000012,3.0167204974402733,7.692307692307702,2.5327510917030436,0.0,3.6144578313252995,0.0,3.4777257444764516,7.500000000000015,15.422885572139316,0.0,13.080168776371318,0.0,5.944055944055937,5.4054054054054115,5.291005291005298,0.0,6.50994575045209,0.0,7.6642335766423235,2.358142962417105,8.373129576567985,15.110264089300292,4.218362282878422,4.962779156327545,0.9049773755656265,1.6584882280049544,0,1.8018018018018112,14.850108016927575,14.81481481481482,0.7434944237918175
29.04.2020,5.568445475638044,3.9260969976905216,1.5818759936407005,3.7674037674037453,3.9638735574510817,3.1070090468792855,4.105571847507336,9.459459459459461,4.545454545454542,5.427408412483035,3.880880722319037,-1.6666666666666732,0.0,2.8622616559314187,5.9523809523809526,2.555366269165246,0.0,3.8759689922480587,44.9799631755659,3.35214168636951,5.813953488372095,7.327586206896538,30.33707865168539,5.037313432835817,0.35222542427154285,11.881188118811883,14.256410256410277,2.010050251256269,1.7094017094017224,6.451612903225805,0.0,13.935969868173279,5.8315334773218135,4.847238542890707,21.64143803216652,2.5396825396825378,14.42080378250592,3.139013452914778,6.24000468073486,0,0.0,13.478832229637474,11.189516129032254,5.412054120541219
30.04.2020,3.2967032967033,3.222222222222215,1.0016433210736482,4.577742699289676,15.154440154440167,2.5968270849951254,2.3943661971831105,9.465020576131677,4.658385093167714,6.628056628056629,2.790484903934122,5.508474576271193,7.142857142857145,2.587708385170447,3.3707865168539177,2.574750830564794,138.1282495667244,8.395522388059707,0.0,6.586481782967511,5.738705738705723,8.835341365461854,0.0,4.6181172291296635,2.520740268028071,3.539823008849558,6.104129263913824,5.418719211822683,5.042016806722677,17.703349282296664,0.0,6.9752066115702585,3.333333333333325,12.552535724292516,12.959362239937786,3.9473684210526208,8.264462809917356,1.3043478260869552,2.848173882713625,0,3.5398230088495333,11.00363306085375,12.23934723481415,0.23337222870477137
01.05.2020,3.8297872340425574,5.166846071044147,1.5727899589370022,3.0188679245283048,22.296730930427497,2.729785763648925,3.851444291609339,3.7593984962405997,5.4154302670623125,1.750150875075454,2.714730752113938,1.6064257028112514,0.0,1.487589942598417,12.500000000000005,2.7530364372469673,0.0,4.819277108433725,0.0,3.033774442030414,6.466512702078528,0.0,0.0,0.8488964346349859,0.0,9.116809116809112,7.614213197969537,8.878504672897193,10.399999999999993,9.349593495934945,0.0,7.8800988875154365,8.42659644502963,7.742096091610659,13.779154832601758,0.0,6.488549618320602,0.0,0.0,0,2.136752136752138,10.068322219040223,14.135702746365103,3.841676367869621
02.05.2020,6.3524590163934205,3.3776867963152357,0.533943554538512,3.369963369963363,6.819739547635353,2.682475613858065,3.1788079470198753,3.9855072463768266,2.955665024630532,2.6393831553973937,2.3108030040439034,1.185770750988142,0.0,0.8981916673305199,0.0,1.6548463356973968,0.0,2.6272577996716078,0.0,2.127822719779154,6.832971800433843,23.985239852398525,0.0,6.3973063973063775,3.2679738562091476,-1.0443864229764899,4.874213836477974,5.150214592274673,0.0,5.576208178438663,0.0,7.762818676596964,1.457194899817853,5.06007393715342,13.562783661119528,6.180193596425919,8.960573476702503,2.5751072961373365,4.639000446229366,0,1.2552301255230294,8.27200416294974,6.015569709837213,0.4484304932735347
03.05.2020,2.312138728323722,2.475247524752498,0.3641881638846589,2.1261516654854766,2.534488290022459,0.8025550732945688,5.90500641848523,7.317073170731686,1.7771701982228465,3.6405663103149286,1.397515527950306,1.171875,0.0,0.4381896058267313,7.729468599033821,1.2403100775193803,0.0,0.6399999999999967,0.0,2.177340641189275,10.050761421319802,13.392857142857148,0.0,0.4746835443038006,1.8384569017480454,3.430079155672812,3.598200899550244,1.6326530612244705,0.0,10.915492957746489,0.0,4.864433811802238,1.0771992818671525,7.081592258632064,10.830613468327435,8.76577840112203,1.809210526315802,0.836820083682023,1.4106850436681209,0,1.2396694214875996,8.39698587342729,3.337783711615493,0.5580357142857251
04.05.2020,2.25988700564972,3.4782608695652,0.6652555185969236,2.706453851492011,1.9712140175218984,0.5605654399220119,3.63636363636363,4.2207792207792245,2.2162525184687762,6.133258990800108,1.406097730753175,0.0,16.666666666666664,1.1614424683109075,0.0,1.6079632465543618,0.0,0.15898251192368756,0.0,1.5002326891517763,8.210332103321043,5.774278215223084,0.0,0.47244094488189287,0.7694584196507894,1.7857142857142918,2.966714905933435,1.6064257028112618,0.0,4.973544973544968,0.0,3.802281368821299,1.3617525162818156,8.215239268843707,8.750525872949098,1.4829142488716902,3.8772213247172713,0.0,2.0529511698709877,0,2.857142857142862,7.941283590125263,4.586563307493534,0.9988901220865731
05.05.2020,4.972375690607721,3.734827264239035,1.0964253529588546,1.8918918918918997,15.710340595274626,0.5089675230247005,6.549707602339202,6.542056074766357,2.4967148488830264,5.22721302863148,2.855573860516184,0.7722007722007661,0.0,2.65366384334446,7.623318385650224,1.8085908063300598,0.0,12.539682539682543,0.0,2.837872078572389,9.036658141517465,21.588089330024836,0.0,6.269592476489033,0.20558002936857545,1.0025062656641492,8.50316233309909,0.0,0.7246376811594187,2.1169354838709653,0.0,4.517704517704506,1.810747663551409,3.5111026760295974,9.781707654048102,9.466327827191872,15.24105754276827,1.2448132780082974,1.7660680879819886,0,0.7936507936507977,7.509608895930519,15.812229771463873,1.7582417582417593
06.05.2020,4.385964912280701,2.160216021602156,1.3148120635864045,1.8567639257294388,16.36170776982234,2.331002331002332,1.8660812294182167,5.263157894736849,2.6282051282051397,4.967548676984515,2.6294714361986142,1.14942528735634,0.0,2.340940918209012,12.08333333333334,3.552923760177648,0.0,7.052186177715091,27.82011056327508,9.402682122701837,10.086004691164971,0.0,33.33333333333332,5.899705014749268,1.1723329425556905,0.9925558312655146,7.383419689119161,3.162055335968377,5.0359712230216,4.343534057255666,0.0,8.761682242990645,19.104991394148023,6.123945727906128,7.359677825320908,14.393499709808474,2.8340080971660093,0.8196721311475401,2.037477932721127,0,1.181102362204721,6.709422119123961,11.840000000000014,0.8639308855291423
07.05.2020,1.680672268907559,4.405286343612337,0.43258303394674996,0.9765625000000024,15.474020054694607,1.955855785091519,2.801724137931032,6.666666666666663,2.4984384759525238,3.9476813317479245,2.835219144232019,3.4090909090909083,0.0,2.0562510401449705,2.2304832713754674,1.28663330950681,0.0,5.533596837944658,0.0,3.2505764384149343,7.812500000000017,14.693877551020396,0.0,2.9247910863509805,1.5353418308226987,1.4742014742014746,5.367913148371517,1.5325670498084278,0.6849315068493136,2.0813623462630315,0.0,4.446831364124602,8.766859344894012,6.15065653075329,11.60969662868664,9.589041095890403,5.774278215223085,0.40650406504065,1.9912382343137378,0,0.7782101167315215,6.1149331219150325,14.258464473056751,3.85438972162742
08.05.2020,2.4793388429752095,2.7848101265822844,1.0074463425317637,1.611863313990985,8.22972172883364,1.7026194144838314,0.6289308176100644,4.427083333333335,2.925045703839123,0.9608785175017077,2.7570507145567213,157.87545787545784,14.285714285714274,1.2701346233987363,4.727272727272728,0.0,0.0,7.990012484394509,0.0,2.853255224562706,7.444005270092205,0.0,0.0,3.518267929634628,0.5991440798858768,1.4527845036319615,4.522037779049799,0.7547169811320665,0.0,1.8535681186283464,0.0,6.622788975730162,7.263064658990255,4.541015624999989,11.784228878712778,13.564814814814818,12.282878411910684,2.0242914979757063,2.0519644232789367,0,0.7722007722007574,4.111635978019868,12.93823038397327,2.7835051546391676
09.05.2020,1.1290322580645284,4.022988505747124,0.6649320612893886,2.7918781725888175,10.320933625091175,1.59078857662298,10.312499999999998,5.236907730673318,2.1906453522794544,0.770450940403357,2.043076923076924,6.107954545454548,0.0,0.4580261933729343,3.124999999999992,1.1291460832745075,0.0,4.5086705202312105,0.0,4.047544509861356,8.890251379521766,10.676156583629908,0.0,8.235294117647049,0.6806579693704019,1.9093078758949829,5.421686746987969,2.6217228464419664,1.360544217687085,1.1828935395814433,0.0,4.880401234567878,3.179190751445081,7.613264829518929,19.948887552615744,11.373827965756217,1.5469613259668458,1.1904761904762038,2.1380425168511863,0,1.1494252873563373,3.569609704152964,7.501847745750186,0.4012036108324904
10.05.2020,3.6682615629984143,4.577742699289651,0.4523262492820294,1.8518518518518563,5.884297520661138,1.7224666318693511,4.438149197355988,5.213270142180099,2.2016222479721876,0.6071508882392586,1.4955976359908387,0.40160642570280497,0.0,0.31880031345729287,4.0404040404040344,0.7676203768318248,0.0,3.207964601769933,0.0,2.0916034979763314,9.290540540540551,4.983922829582002,0.0,0.0,1.01408450704225,1.4051522248243564,1.7142857142856995,5.839416058394139,0.0,2.1582733812949537,0.0,4.800441419900689,2.000800320128068,2.010995370370352,7.488407068554954,0.0,2.393906420021758,0.3921568627450832,1.652830864787405,0,0.7575757575757431,3.588511399195355,5.190787212100369,0.09990009990011657
11.05.2020,0.6153846153846108,2.5660377358490667,0.5003216353369947,1.8181818181818226,1.9512956603184666,0.40316669110101505,0.7233273056057808,3.82882882882883,1.1337868480725681,5.297273133661161,1.3190730837789568,0.1333333333333354,0.0,0.9018765423331635,2.5889967637540416,0.8427977839335148,0.0,2.6795284030010573,0.0,1.3319263019793586,6.85213807315816,0.30627871362939757,0.0,0.6038647342995249,0.4461795872838759,0.2309468822170953,1.123595505617994,1.3793103448276005,0.0,5.6338028169014125,0.0,2.070902070902071,0.0,2.7513827825840345,16.017606249635634,20.424597364568083,1.912858660998943,0.0,0.7145689819778713,0,0.7518796992481243,3.3325781359571196,7.45098039215686,1.297405189620754
12.05.2020,4.281345565749219,5.224429727740986,0.6187326648175722,0.0,6.783034757311285,0.25553040811857153,4.847396768402177,3.2537960954446805,1.345291479820628,3.7783909997877196,2.9556650246305534,3.462050599201057,7.499999999999998,1.870326383390513,10.09463722397477,1.087098347033673,0.0,5.114822546972869,0.0,2.3004681621586136,7.184185149469625,2.4427480916030513,35.12931034482762,2.0408163265306056,0.2220988339811187,0.0,4.494949494949491,1.3605442176870737,0.0,0.41666666666667906,0.0,5.416093535075665,18.20321694782267,6.073153899240853,9.3238863345142,9.422492401215813,2.5026068821689265,1.171874999999999,1.3424335892780312,0,0.0,3.2459803716850963,2.5851581508515915,0.7881773399014784
13.05.2020,0.8797653958944291,4.895104895104891,1.1026293469041781,6.488095238095237,10.567823343848579,1.4928633847946344,5.136986301369853,4.831932773109237,1.4380530973451302,3.231744733074248,0.9455456823877878,0.0,0.0,1.5337317351203956,6.590257879656162,1.0190217391304262,0.0,9.433962264150928,13.793103448275861,3.211694898155685,8.322087269455693,0.0,0.0,6.823529411764713,0.5263157894736892,0.4608294930875525,5.171580473658767,3.0201342281879135,5.369127516778511,1.9917012448132685,0.0,4.550644266840639,5.609027547295045,3.5914118412491938,10.321290678433527,6.222222222222211,7.833163784333667,0.3861003861003999,1.3260900849043051,0,1.1194029850746237,2.857749598034153,10.168989030536613,0.8797653958944163
14.05.2020,0.8720930232558297,4.800000000000005,0.7060961968680062,2.4594745667971,5.926598365970699,1.2484752816244604,3.583061889250816,6.412825651302602,0.872410032715387,3.843867644145052,1.6025279313847118,16.98841698841701,0.0,1.5871125778246322,2.9569892473118258,1.075991930060525,0.0,6.0798548094374025,0.0,2.4408882096302755,5.107973421926908,2.831594634873323,0.0,2.8634361233480297,0.9920088178561551,1.605504587155969,2.3897058823529522,0.6514657980455949,1.2738853503184684,0.48820179007322795,0.0,4.461778471138858,0.5028284098051586,13.716869739982412,11.513863716851034,6.799163179916315,4.905660377358501,2.6923076923076894,1.8114938610880342,0,0.0,2.275967163151965,11.490850376749206,1.0658914728682234
15.05.2020,1.5850144092218792,5.979643765903302,0.4581742450538017,2.89143480632841,7.823212536728697,1.3464672950180583,5.031446540880502,2.636534839924687,1.0270270270270179,2.6712459454302535,1.7105409308008408,1.5401540154015227,16.27906976744186,1.4116110450610457,2.6109660574412623,0.862940785096465,0.0,10.094097519247224,0.0,4.264971202553617,6.953773212169105,0.0,5.5821371610844945,3.319057815845821,0.4638472032742259,3.3860045146726874,0.0,0.6472491909385324,0.0,1.2955465587044512,0.0,3.3154121863799326,4.065040650406506,3.5016016790014355,8.772650849990677,5.313418217433902,1.7086330935251692,1.1235955056179625,0.9827444306498978,0,0.0,2.0215322503124127,7.965242577842134,0.3835091083413305
16.05.2020,1.2765957446808525,7.503001200480195,0.3662497408610258,3.075291622481452,7.846031565799935,1.111810362911696,1.4221556886227642,5.137614678899079,2.354200107009101,0.7619401598215891,1.616249863492423,1.1917659804983731,0.0,0.0,6.615776081424938,0.6616225914760929,0.0,6.526806526806506,0.0,2.16713115095046,10.084964905799774,0.0,0.0,2.3834196891191697,0.46170559478543427,-1.7467248908296897,5.206463195691188,0.0,5.031446540880504,1.2789768185451735,0.0,3.7149465163341846,14.843750000000005,2.1771611526147296,8.484182324047671,4.13857242501742,1.768346595932812,0.7407407407407537,1.148615514252385,0,1.1070110701107159,1.8881968850404405,9.680304046501224,1.0506208213944523
17.05.2020,0.14005602240897325,7.48185371300949,0.2685210685761378,3.652263374485583,4.569383028005897,1.1756569847856162,5.977859778597763,4.363001745200698,1.2023000522739167,0.7377351530800401,1.2896292315959195,0.42826552462527434,0.0,1.2631683233710813,1.4319809069212268,0.9246395806028858,0.0,1.82348650619987,0.0,1.9265532122791331,9.261744966442944,0.14492753623189086,0.0,0.9109311740890648,0.08110300081102201,0.888888888888879,0.0,0.0,0.0,2.052091554853984,0.0,3.846689895470381,21.297749869178425,3.3006058073950295,6.660228603995813,5.224380442062976,1.042571676802772,0.367647058823529,0.0,0,0.36496350364962804,1.687673969131767,4.280472890338363,0.0
18.05.2020,1.67832167832168,4.883116883116868,0.3502025681521814,1.985111662531028,1.9935561820378453,0.18455228981544017,1.949860724233994,2.341137123745813,0.5165289256198221,3.277187843280867,0.785145888594153,0.0,0.0,0.8413912306162061,1.6470588235294192,0.6687833985884051,0.0,0.28653295128938433,0.0,1.7175816450437702,6.5417690417690615,0.0,0.0,0.0,0.35116153430580155,0.4405286343612287,3.455631399317405,0.0,0.0,0.6187161639597881,0.0,2.3755200644208925,38.69715271786024,0.4044489383215468,4.209401392249124,1.8247400806280418,1.891659501289781,389.010989010989,2.6835830271908954,0,0.3636363636363567,1.4686891835361195,3.12744331508992,3.0245746691871482
19.05.2020,2.06327372764787,7.181773155027253,0.43793622553714406,6.958637469586374,4.83711747285291,0.20468035750834945,3.9617486338797794,5.555555555555558,1.079136690647486,1.506825031022868,1.2106537530266448,0.0,0.0,1.3501932312468772,5.5555555555555625,0.4127940351261956,0.0,0.857142857142865,0.0,1.6296750074611492,3.7186509080426493,11.287988422575951,4.833836858006052,2.8084252758274877,0.08075370121129755,0.8771929824561455,3.4226804123711485,0.3215434083601106,0.0,3.8431975403535517,0.0,3.605138961719963,0.015552099533428286,2.3766364551862993,8.43339173040494,2.1879558241300323,0.5907172995780572,0.22471910112359805,0.0,0,0.36231884057970326,1.1812470311981826,6.747536012130406,0.8256880733944977
20.05.2020,2.1563342318059275,11.78373382624769,1.3898351274015612,2.502274795268429,7.485875706214699,1.0893987880438556,2.299605781865966,5.882352941176463,0.55922724961871,1.816276632902542,1.248179737882241,1.9189765458422274,-3.999999999999994,1.266792175883078,4.166666666666662,0.8254057977530961,0.0,2.9745042492917815,8.166409861325112,2.2264124697645378,3.7798777098387992,0.0,0.0,2.341463414634142,0.2689618074233562,1.0869565217391257,17.743221690590115,0.0,1.197604790419159,1.1843079200592246,0.0,3.5429583702391665,0.32654330586222824,1.8689750147550606,12.166031787731514,3.3238172920065185,3.2718120805369115,0.1494768310911972,0.0,0,0.36101083032492043,0.9672704725630029,5.735085227272725,1.5468607825295617
21.05.2020,1.7150395778364222,6.696982224059527,0.4636473592259054,3.861517976031946,5.624178712220765,0.9496868054152405,2.5048169556840136,6.286549707602343,0.0,1.646655231560893,1.0992397780973984,55.64853556485354,0.0,0.7940509200907506,2.10526315789473,0.7141673993093958,0.0,3.7826685006877496,0.0,1.7220785896796136,2.9191215854311814,0.39011703511053497,0.0,0.0,0.3487124463519153,0.6451612903225954,0.0,0.6410256410256476,0.0,0.8046817849305136,0.0,3.287302945130139,0.0,2.1726535341830937,8.535928424208354,5.9798697454114995,1.137286758732734,0.0,0.0,0,0.3597122302158205,0.8799249037170874,4.56759026028548,1.6129032258064564
22.05.2020,0.778210116731505,11.352189074002332,0.36117985419036364,2.521367521367536,6.436095214398262,0.9007205764611538,1.1278195488721674,5.7771664374140315,1.6683518705763585,1.67060411744853,1.2295498424956932,1.3440860215053723,0.0,0.5486432412154624,2.0618556701031134,0.6180141314592724,0.0,5.168986083499013,0.0,1.6052318668252192,6.583398386677085,0.0,2.5936599423631135,5.910390848427069,0.18711574445335458,0.21367521367520406,14.087368777514389,0.0,2.9585798816568096,0.6531204644412106,24046.875000000004,3.3009938476100364,17.637941723496596,1.8523769019941265,7.708160248594638,3.184357541899436,0.8835341365461907,0.0,0.0,0,0.0,0.974867379772165,5.749156897382363,0.7054673721340393
23.05.2020,0.7722007722007861,2.157272094641611,0.21326224591801304,4.460191746561068,5.415725083768427,0.2115982278648474,2.9739776951672936,5.071521456436943,0.5967180507210053,0.3153526970954411,0.722746436458531,1.1936339522546482,0.0,0.5254403283224809,2.8282828282828136,0.40989790273097265,0.0,4.284814114681789,0.0,1.5506143943826807,2.880859374999999,1.295336787564778,0.0,2.1602160216021566,0.26680896478122684,0.852878464818754,2.463639062036211,0.0,0.0,1.7303532804614195,0.0,2.8175466727751646,1.5151515151515016,3.8043982555442146,8.125219133483599,2.85147085363653,1.910828025477692,0.0,0.0,0,0.35842293906811096,1.2841160613550828,5.223993925588443,0.6129597197898412
24.05.2020,0.7662835249042022,4.359673024523147,0.17290682981979247,4.030327214684748,4.634831460674144,0.7720224348399983,1.0830324909747318,3.9603960396039577,0.19772614928325236,0.5625413633355293,0.6378313733306784,0.39318479685452773,0.0,0.1082502126343498,2.554027504911599,0.3537529114177671,0.0,2.1148036253776534,0.0,1.1804955344281096,3.274798291409583,0.38363171355498893,0.0,0.2643171806167331,0.2394890899414528,0.6342494714587741,7.560834298957121,0.31847133757962814,0.0,0.779588944011348,0.0,2.417288626489924,127.76119402985076,1.895056762313403,4.968685146753629,2.772416213370752,1.6406250000000098,0.0,0.0,0,0.3571428571428503,0.9285556368088995,2.5833453600808283,0.17406440382942023
25.05.2020,0.7604562737642464,2.643603133159289,0.49790878311091696,5.14000767165324,2.077004592016954,0.163698271346255,0.9523809523809447,2.6190476190476137,0.3946719289590433,1.7110891740704355,0.633788869082973,0.3916449086161819,6.250000000000014,0.8990499729667004,0.7662835249042069,0.5727441181425181,0.0,1.2426035502958515,0.0,1.0691989550039516,3.745404411764698,0.7643312101910699,0.0,0.0,0.3716485266790546,1.8907563025210232,2.3969835712362055,0.0,0.0,1.1954992967651157,0.0,0.8918860126169277,1.5556441962505034,2.0264935520659733,4.853529157362388,1.0756359911217508,0.4611837048424253,0.4477611940298338,0.0,0,0.3558718861209897,1.1129458944849826,1.7726505346088939,0.8688097306689874
26.05.2020,1.006289308176119,2.3847376788553207,0.2906592680671276,2.8456767603064614,4.408609592359331,0.15035627900896403,1.4740566037736083,2.0881670533642716,0.5405405405405419,1.4234875444839703,0.7872466049990234,0.9102730819245795,0.0,1.041076595679539,2.0912547528517096,0.47642975452701397,0.0,7.305669199298638,0.0,1.8854635479395168,2.170542635658903,0.0,4.073033707865177,2.3725834797891108,0.05289605924358113,0.0,2.1567596002104192,0.0,0.0,0.9728978457262113,0.0,8.02069857697283,1.537425653686469,2.0980223559759104,10.379804373810998,2.4831081081081003,1.1476664116296849,0.0,0.0,0,0.0,1.243177936091331,4.713851257948582,0.0
27.05.2020,1.120797011207971,1.0869565217391297,0.3029903833487101,2.7669386307201047,5.54819037518229,0.946475195822444,1.3364323067983568,3.6363636363636487,0.04887585532746705,1.5948963317384464,0.6053505174770574,0.5798969072164918,0.0,1.0682303741079084,3.7243947858473,0.52665049053201,0.0,1.089324618736397,4.88603988603988,1.6888108504196186,3.360069369174093,0.3792667509481686,0.0,1.6309012875536562,0.21147237642084538,1.237113402061856,0.0,0.0,1.7241379310344789,1.169993117687539,0.0,3.0938123752494886,1.398099027409358,2.425467407781721,8.448931967756943,3.4613482775671582,0.3782148260211893,0.5943536404160469,0.0,0,0.3546099290780247,1.0583752376406297,5.544554455445528,0.4306632213608913
28.05.2020,1.3546798029556706,0.9831029185867833,0.38087733123192496,4.314808422506041,4.628524775482007,0.6918849013902428,2.1215596330275184,5.811403508771921,0.19540791402052737,1.412872841444253,0.7181677018633436,0.8327994875080087,7.843137254901962,0.910017690623962,2.8725314183123833,0.3316545878884607,0.0,7.54310344827586,0.0,2.381357026804709,2.768456375838918,0.881612090680094,0.0,0.7601351351351318,0.31653917172248747,2.036659877800412,6.153450051493293,0.0,0.5649717514124282,1.088435374149648,0.0,2.2265246853824,1.5695678238596054,3.83982897549745,6.177570882088205,2.5649195475545747,0.37678975131874415,0.147710487444603,0.0,0,0.0,1.2834607835951446,5.553470919324576,0.08576329331046477
29.05.2020,3.4021871202916025,0.30422878004259735,0.39905796153344014,3.4083388484447426,4.381752701080434,0.7063960955561323,1.2352610892756954,5.284974093264251,0.3900536323744563,0.6191950464396484,0.5781460782424533,2.2871664548919948,0.0,0.9092394776330164,0.523560209424096,0.5417482859941327,0.0,1.4028056112224376,0.0,1.4873442936442534,3.2040816326530637,0.0,0.5398110661268497,1.9279128248113988,0.3155403628714222,2.594810379241495,3.759398496240614,0.0,0.0,2.0188425302826585,0.0,1.2499999999999845,1.4701937007029007,1.5836566632354165,5.473101402051742,1.3358185771978817,0.45045045045044696,0.07374631268437384,0.0,0,0.0,1.281669869501256,5.865623889086394,0.4284490145672621
30.05.2020,0.7050528789659232,0.6066120715802222,1.1272561412653803,6.46400000000001,3.3007475560667077,0.5547761765080758,1.5529672767609484,4.724409448818882,0.194269062651768,0.7076923076923101,0.8334930063230517,0.7453416149068439,0.0,0.6846188954815225,4.166666666666648,0.4036652561721676,0.0,5.830039525691704,0.0,1.824736332469712,3.2232548942060575,3.4956304619226026,0.0,1.0690789473684255,0.0,2.1400778210116824,4.137447405329577,0.0,0.0,1.253298153034293,0.0,3.030303030303029,1.4541801068161453,1.6914802400810631,5.156445242595323,1.2568976088289483,1.3452914798206463,0.0,0.0,0,0.35335689045935725,0.8105554805776148,4.219834340720857,1.2798634812286684
31.05.2020,1.750291715285883,2.080192945432617,0.4703608247422716,3.0357679591223263,3.0616789133823192,0.7483036337117099,1.6930638995084604,0.9398496240601529,0.4362578768783361,0.18331805682858618,0.33254156769594845,0.1233045622687943,0.0,0.1272190214371282,0.8333333333333529,0.2692410313629599,0.0,0.2334267040149543,0.0,1.204114808556014,3.5249042145593705,0.0,0.0,0.5695687550854364,0.4718217562254152,1.7142857142857275,2.8282828282828287,0.0,0.0,1.1074918566775207,0.0,2.314814814814811,1.162305848014183,1.6096887934999176,2.635711683953445,1.3926733272782268,0.7374631268436616,0.07369196757552064,0.0,0,0.35211267605634844,0.7788382788382854,2.437976586832765,0.25273799494524496
01.06.2020,0.5733944954128368,0.47253396337862114,0.019239402295912325,2.333722287047833,1.4151452954520949,0.20142254673633075,1.3963480128893786,1.4897579143389308,0.24131274131273545,1.2808783165599276,0.4734848484848471,0.06157635467980391,0.0,0.12413652096446681,3.14049586776858,0.16933572016062387,0.0,0.4191895668374454,0.0,0.5383887700229243,3.3863804589193225,0.0,0.0,0.0,0.3130707018001614,0.5617977528089761,0.8950010914647557,0.0,0.5617977528089876,1.0953608247422646,0.0,1.5792742436341212,0.7367716008037474,1.282438141219089,2.1124834916774677,0.4180352343983308,0.14641288433382493,0.0,0.0,0,0.0,0.7610980441186885,5.39945481232963,2.6050420168067108
02.06.2020,1.5963511972634035,0.7348618459729638,0.21159271608104688,1.5963511972634046,2.2315722198551167,0.09422702431058888,1.1652542372881163,3.0275229357798272,0.5296100144439108,0.6624510689551383,0.7257304429783364,0.43076923076922596,0.0,0.5426062603926548,1.6025641025640975,0.589861862442038,0.0,0.1855287569573274,0.0,1.096902529127601,6.336137461965287,0.0,2.0134228187919474,1.0517799352750692,0.07802340702211674,3.1657355679702013,2.5097360450021564,0.0,0.5586592178770938,1.657106437221168,0.0,2.4194252773167917,1.6213175122749568,0.7448234768359615,6.317444762241201,0.5947071067499151,0.2923976608187064,0.0,0.0,0,0.0,0.7553490969157762,4.058490002984173,0.24570024570025045
03.06.2020,0.7856341189674493,0.7878611030055542,0.27512956683088846,2.8338945005611618,5.084657462880967,0.15689720095391496,1.5183246073298553,7.390917186108615,0.33524904214559975,0.9422674244690262,0.5895012632169871,1.102941176470594,0.0,0.932830407659936,0.9463722397476353,0.5065752750451589,0.0,1.3888888888888815,2.7570283851690847,0.5284461434675097,5.032822757111602,5.066344993968644,0.0,0.8807045636509293,0.33783783783784005,1.4440433212996475,2.638243984803719,0.0,0.0,0.626959247648903,0.0,2.456080504860994,1.0569228446323586,2.025728227118149,4.800055733593424,1.2710611882944371,0.21865889212827114,0.0,0.0,0,0.35087719298244946,0.7165893119664933,3.6038619634834284,-0.980392156862728
04.06.2020,0.0,0.40532715691950105,0.2871362940275584,1.9645293315143217,4.912993902136742,0.5576790525722275,0.6188757091284182,9.618573797678277,0.4773269689737494,0.889020595643811,0.6511627906976634,0.7878787878788001,5.454545454545452,0.7488537219898567,0.6250000000000147,0.27231521680710147,0.0,0.6849315068493115,0.0,0.594638929277106,5.865384615384621,0.0,0.0,1.0317460317460359,0.3367003367003389,2.4911032028469715,3.0022619782027546,0.0,0.0,0.9968847352024998,5.319011259220916,1.772931579823531,1.2151999601573653,0.8623188405797326,4.417081290045443,0.846468184471664,0.07272727272727451,0.07363770250368994,0.0,0,0.0,0.7076697337449972,5.8128806052777335,0.5775577557755642
05.06.2020,1.3363028953229412,1.2975778546712846,0.15906343449767754,3.585763981803595,4.271807957659942,0.3988035892322936,0.8713480266529963,5.143721633888051,0.38004750593824693,1.0574239976501474,0.3049907578558394,0.24052916416113573,0.0,0.7532741746797164,0.9316770186335415,0.3400651543395784,0.0,1.814058956916106,0.0,1.1649525927298712,4.495912806539506,0.0,2.7631578947368434,2.278083267871157,0.2839442436757769,1.215277777777782,4.611698941904562,0.0,0.5555555555555544,0.6785934608266393,0.0,1.496687658460785,0.998868277321265,1.6236798620590334,3.9373742023634075,0.30390738060783845,0.21802325581394477,0.0,0.0,0,0.0,1.2308579580810102,3.025810952214838,0.7383100902379021
06.06.2020,1.64835164835165,5.8923996584116045,0.2985643501461115,3.95246706277448,4.300734161152902,0.48411122144987173,0.0,11.151079136690655,0.3786086133459582,0.058131085598041886,0.6265548696212913,0.479904019196157,0.0,0.4276287842315477,2.0000000000000058,0.2837132003798435,0.0,1.5144766146993238,0.0,0.7919111496449397,3.360857598145718,0.0,0.0,1.459293394777273,0.0772200772200696,2.229845626072034,4.0076335877862554,0.0,0.0,0.49019607843137625,0.0,1.861402095084622,1.3689954204423622,1.9370802403676273,4.098248655983639,59.515221468763514,0.0,0.0,0.0,0,0.34965034965034303,1.4407796101949157,3.8087177316970053,0.16286644951139176
07.06.2020,1.4054054054053922,7.9032258064516085,0.025334093356126342,3.1063618290258446,2.746035194438411,0.6238418777022733,0.0,0.1941747572815402,0.23573785950023,0.08714596949890524,0.31132680157495674,0.3582089552238862,0.0,0.052168518414092056,1.6591251885369318,0.1574355757052138,0.0,0.0,0.0,0.4597826482026719,3.3777154870357387,0.0,0.0,0.5299015897047702,0.28292181069959577,0.0,3.4495412844036886,0.0,0.0,0.36585365853657464,0.0,1.6929040424016983,0.9035420771855749,1.5188293224218,2.415642609817381,2.6410998552821825,0.7251631617114029,0.0,0.0,0,0.0,1.9560751392973752,2.0220138605788716,0.7317073170731728
08.06.2020,0.7462686567164477,2.117588440458406,0.291268283416711,5.495300072306582,0.9853258341438813,0.14732060646982395,2.79471544715447,2.519379844961262,0.09407337723424042,1.4947032361050812,0.33774532177088346,0.11897679952410582,0.0,0.31143867758344007,1.3353115727003084,0.19618966576846497,0.0,0.21939447125932313,0.0,0.4504423017782505,0.0,4.707233065442022,0.0,0.2259036144578403,0.05129520389843044,0.0,1.773678609435965,0.0,0.0,0.42527339003646647,0.0,1.1124076234927969,0.7668492498213694,1.284328460172172,1.7474543911752127,-1.4011279520620255,0.5039596832253264,0.0,0.0,0,0.0,2.472294500938614,1.1508031647087136,1.291364003228423
09.06.2020,1.587301587301567,8.587460356184433,0.22728707620430053,5.231893991318236,2.6214405360133983,0.055163959546427416,1.285219970341089,2.2684310018903457,0.09398496240601276,0.8435802116099419,0.5185589519650585,0.05941770647651978,0.0,0.6237531960327096,0.4392386530014549,0.33794144707352486,0.0,1.7513134851138417,0.0,1.2378139557220322,8.663232104121484,0.0,1.6645326504481557,0.5259203606310905,0.025634452704432233,0.1677852348993327,1.0282328337399662,0.0,0.0,0.3024803387779795,0.0,1.5233112786582628,0.8650028360748874,0.5665722379603304,5.0780537385004285,0.706050585396372,0.42979942693410794,0.0,0.0,0,0.0,2.2761352383646973,1.8566800979695,0.1593625498007881
10.06.2020,2.083333333333328,17.411817569085603,0.22047244094489438,2.475032566217978,4.737615277891134,0.41656456750796006,0.6832601268911639,2.526186075169431,0.0,0.8223451013752929,0.49778260476060443,0.3562945368171077,0.0,0.45514198754641216,0.5830903790087599,0.2944824221619942,0.0,1.333907056798631,0.0,0.7666947333467797,4.117280099812856,0.1096491228070087,0.0,2.316890881913316,0.05125576627370074,0.0,2.29429015007763,0.0,0.0,0.36188178528346343,0.0,1.629281600485004,1.8885608510239305,1.2944332662642548,4.28990108177598,0.709975150869707,0.14265335235377,0.0,0.0,0,0.0,1.5498139669981539,2.831213155445239,0.9546539379475006
11.06.2020,2.1428571428571455,4.592422502870263,0.2451288497800016,4.449152542372885,3.8025480188568723,0.3721327476818073,1.793504604944252,1.4423076923076992,0.09389671361503489,0.7734495851497836,0.45929394812680757,0.414201183431948,6.896551724137918,0.4405714921058626,0.5797101449275305,0.19398698939226408,0.0,1.5286624203821575,0.0,0.8232365731232909,2.9718394248052613,0.8762322015334197,3.0226700251889005,0.21913805697587452,0.15368852459018387,0.5025125628140704,2.3946037099494224,0.0,0.0,1.081730769230773,0.0,2.1251211691894594,1.1958421488363542,1.191816195457844,3.311203155036756,0.12336975678534623,0.35612535612536483,0.0,0.0,0,0.3484320557491392,0.6953193633843899,2.9041261220487358,0.7092198581560304
12.06.2020,3.2967032967033,3.1650201244054106,0.2257194808451888,3.772819472616632,4.192470817850846,0.2735063514252608,0.9047619047619108,1.6587677725118586,0.04690431519699698,0.6837845380965456,0.3406544150605065,0.3535651149086679,0.0,0.5894643623130371,0.4322766570605288,0.33574908897349065,0.0,2.3421162693433732,0.0,1.0196220336410986,2.7464215058768913,0.0,0.0,2.040816326530631,0.20460358056263966,0.0,2.5856389986824664,0.0,0.0,0.7134363852556447,0.0,0.7958528037383286,0.899918189255515,1.0600013086435967,3.150980820950796,0.4312621017426409,0.0,0.0,0.0,0,0.0,0.8399837684296051,3.1740214044861483,0.3129890453834176
13.06.2020,0.48355899419728604,7.838269196666079,0.16890835157961773,3.7724784988272084,4.866714697406352,0.2970056976603367,0.0,0.4079254079253995,0.04688232536333688,0.055440055440072925,0.3752345215759963,0.11743981209630247,0.0,0.3246440608019692,0.717360114777597,0.2535925612848773,0.0,1.185124642419297,0.0,1.028396452609996,0.0,0.7600434310531972,3.3007334963325197,1.142857142857141,0.10209290454314167,0.1666666666666592,3.082356718574401,0.0,0.0,0.6493506493506565,0.0,2.1658819268380984,1.0720720720720822,1.2301715765619907,1.9586256146275678,0.4732275874156636,0.07097232079487799,0.0,0.0,0,0.0,0.6606215879062577,2.9413854351687303,0.07800312012479498
14.06.2020,0.48123195380174605,2.18714027298143,0.2935298526105475,5.161047278206823,3.4076465940709735,0.253822445156231,0.0,0.40626813697040653,0.0,0.09696633882808649,0.29372496662214964,0.0,0.0,0.06992911107760123,0.14245014245016466,0.06919811595044527,0.0,0.24232633279482907,0.0,0.8606639407542981,4.066145656359707,0.0,0.0,0.7768361581920838,0.1784803671596123,0.33277870216306915,3.1459274256346577,0.0,0.0,0.29325513196479214,0.0,0.8650028360748734,1.029503520812918,0.5372561560601303,1.972801027257342,0.4012211077191394,0.0,0.0,0.0,0,0.0,0.8861526981017581,0.7384912692387322,0.0
15.06.2020,1.0536398467432895,0.9977470228516169,0.04358926458682283,2.7941966684578228,1.0530511909112015,0.12658990897582217,2.0292590844737934,3.121387283236983,0.28116213683223307,0.9687240520343229,0.19524316648917875,0.7038123167155315,0.0,0.2548573620892666,0.14224751066854777,0.3504000836776494,0.0,0.12087026591458437,0.0,0.3628735045642586,2.1767522855898993,2.6939655172413683,0.0,0.1401541695865415,0.050903537795889214,0.0,2.581911520459002,0.0,2.762430939226535,0.7602339181286759,0.0,1.1036131027695777,0.8072698398694133,0.6234493288377078,1.6044445080418954,0.43436712709581593,0.0,0.0,0.0,0,0.3472222222222156,0.625425150412451,1.1989586187996721,0.0779423226812174
16.06.2020,0.85308056872038,4.700446144040795,0.14315946719781267,3.641749433699257,2.8040762656147167,0.09030704394942436,0.7400555041628294,1.8497757847533634,0.0,0.8497807017543952,0.31000885739592765,0.6406523005241691,0.0,0.39771484802098844,2.840909090909101,0.08685984295739502,0.0,1.2474849094567337,0.0,0.8564487882040825,2.758841073711127,0.0,3.550295857988167,0.8397480755773324,0.0508776392775325,0.8291873963515831,1.5749190462172376,0.0,0.0,1.97330237957051,0.0,1.884168810401168,1.575354454752317,1.6058671050135995,3.436013534210505,0.5449355592076807,1.1347517730496732,0.0,0.0,0,0.0,0.6661678611745618,1.915916322523859,0.7009345794392543
17.06.2020,1.221804511278203,3.698067265256412,0.06215426689041884,2.1351714862138467,4.674959230006727,0.35488721804511136,0.8723599632690371,3.467253714914706,0.04672897196261568,0.5572166349551366,0.5298013245032981,0.8680555555555582,0.0,0.45195278999170607,0.9668508287292858,0.4379722521146454,0.0,1.2321144674085924,0.0,0.5203723827341492,2.8298953042396624,0.0,0.0,0.4163775156141596,0.05085176709890167,0.3289473684210601,2.5503550210114625,0.0,0.0,2.6180990324416524,0.0,1.8220281151903817,1.5853868688609503,0.28622985501834797,3.4107155013956074,0.6280110116999399,0.7713884992987158,0.0,0.0,0,0.0,0.8221464476883967,2.8630264381559867,0.8507347254446956
18.06.2020,0.8356545961002793,10.948048136190208,0.012423131871556692,1.9259259259259172,3.9346265465098473,0.23975065931430983,1.001365498406925,3.2446808510638387,0.04670714619336645,0.5541289363427553,0.5006587615283347,0.2868617326448589,0.0,0.29813933948584753,1.0943912448700301,0.1428579657716966,0.0,0.6674519042010173,0.0,0.606837368699687,1.4616935483870868,0.0,3.1999999999999957,0.13821700069108137,0.12706480304956014,0.0,2.4727992087042487,0.0,0.0,1.8302828618968587,0.0,2.6539776154413377,1.8235793044953332,1.1850840727182521,3.162936142198806,0.6155424467812304,0.41753653444676087,0.0,0.0,0,0.0,0.8936885669943017,3.332257022925398,0.6901840490797566
19.06.2020,2.578268876611408,9.33862433862435,0.2484317744239517,2.1479328165374767,3.679863621667708,0.16144463047117255,0.9914375844975275,3.451828954147334,0.0,0.4435483870967668,0.34958923265163044,0.4004576659039072,0.0,0.3107646160705924,0.27063599458728643,0.07190230490029884,0.0,0.6630265210608525,0.0,0.7549406238922345,3.437655240933948,0.0,0.0,0.8971704623878575,0.10152284263960126,0.49180327868852464,3.7644787644787723,0.0,0.0,1.4705882352940987,0.0,2.4874322648038025,1.945022907122014,1.5145940642629427,3.3317486096442694,0.45033562749595457,0.277200277200284,0.0,0.0,0,0.0,0.9575572675648366,3.668520717455164,0.4569687738004545
20.06.2020,1.0771992818671465,7.113476893297841,0.21064370237283792,3.019762845849797,4.1785967399007635,0.11939585696377146,0.0,0.9462151394422205,0.0,0.05352602703064032,0.0,0.17094017094016292,0.0,0.26265809997170114,1.4844804318488516,0.366150874853402,0.0,0.15497869043003815,0.0,0.30015337507626333,2.4973585630582864,0.0,0.0,0.5471956224350061,0.17748478701823805,0.48939641109296333,2.923588039867091,0.0,0.0,2.200751476113802,0.0,3.076825073257736,1.7526657678637128,1.0872848082150297,3.141259406331937,0.5667399763153441,0.0,0.0,0.0,0,0.0,0.8329312577769884,2.32698336146612,0.0
21.06.2020,0.7104795737122505,1.6715608764400314,0.13601236476042267,4.343155310006137,2.4953059947209457,0.0,0.0,2.318697582634446,0.0,0.2942356560117713,0.0,0.34129692832765035,0.0,0.08060615831049206,0.3989361702127576,0.07502476962815044,0.0,0.1547388781431461,0.0,0.24115799685398373,2.1178896073470157,0.0,0.0,0.34013605442178674,0.12655024044546168,0.0,1.9496449322143488,0.0,0.0,1.1554621848739466,0.0,3.1024040541375792,1.887095479001058,1.0516880788766152,1.532225229324833,0.4878459079821802,0.0,1.2509197939661585,0.0,0,0.3460207612456849,0.8890120129951955,0.6127017791917045,0.0
22.06.2020,2.2045855379188795,1.4330148855809595,0.27165524479843045,5.427268715987642,0.68231296129134,0.0,1.2940651494868134,4.676952748312449,0.0,0.5067342312308395,0.5661034662950805,0.05668934240361837,3.2258064516129106,0.3221649484536225,0.794701986754968,0.23062836213803561,0.0,0.03862495171881015,0.0,0.29142722794204096,2.3951546297146105,9.863588667366221,0.0,0.0,0.075834175935298,0.16233766233767702,1.5577507598784077,0.0,0.0,2.4922118380062344,0.0,2.355691422406043,0.6778058007566082,0.7095973035302394,1.3873244835496532,0.41851510839539113,0.0,0.0,0.0,0,0.0,0.8069146280579167,0.7787797165944522,0.22744503411675948
23.06.2020,3.106125970664369,11.09407512868253,0.1231451265316112,4.673549107142869,2.0172454710861656,0.0,0.6607929515418739,2.118839244587733,0.0,0.23882181239220363,0.3983718714817679,0.33994334277620925,0.0,0.34655320059944056,0.9198423127463903,0.3893960934779094,0.0,0.38610038610038405,0.0,0.6318624404391823,3.1905359383402083,0.0,0.0,0.5423728813559313,0.0,0.16207455429496842,2.40678388826538,0.0,0.0,3.748733535967573,0.0,2.910517685640652,1.0998904023798428,0.9159767482825376,3.489924297725449,0.4751187796949478,0.0691085003455442,0.0,0.0,0,0.0,0.8140751425405253,1.8999477078612492,0.6051437216338773
24.06.2020,1.8410041841004088,6.437302839116707,0.12914334911751227,3.531920565107298,3.7427626137303527,0.0,0.5251641137855592,2.0748759585024783,0.14005602240894657,0.4367968232958233,0.2501509531613909,0.677583286278949,3.1249999999999947,0.3413560904060276,0.3906250000000091,0.3395421583961258,0.0,0.6923076923077021,2.934179222839022,0.8267193975675271,3.196109084592666,0.0,0.0,0.06743088334457002,0.151553422581445,0.9708737864077672,2.289332683877255,0.0,0.0,2.0996093750000036,0.0,3.1923974278723177,0.9833907623214181,1.1869436201780588,3.4776181898400136,0.47287207565952305,0.0,0.0,0.0,0,0.0,0.8511004126547362,2.685596989394448,1.1278195488721912
25.06.2020,2.7115858668857875,4.982865610817828,0.2333865618474455,3.7461380020597277,3.2688857883197175,0.7095581658815847,1.0883761427949452,4.728236853733998,0.1864801864801956,0.8039008961518284,0.32696609877817495,0.3925967470554989,0.0,0.2976704628509941,0.6485084306095786,0.19385337429571087,0.0,0.8403361344537772,0.0,0.32991064472277126,2.8446389496717703,0.0,0.0,0.6738544474393486,0.07566204287516742,0.4807692307692309,2.369047619047614,0.0,0.0,3.586800573888107,0.0,2.867541634498725,1.1463405283134698,2.961301822781896,1.7204295234939806,0.35504912889108914,0.27624309392265867,0.0,0.0,0,0.0,0.8962821340282796,1.9767893830862364,1.1895910780669154
26.06.2020,3.840000000000004,7.181296868107635,0.17156862745097468,3.784588658642508,2.9941131055780774,0.165778567199526,0.6890611541774277,3.6708860759493485,0.04653327128897049,0.24839848346187493,0.4116638078902354,0.39106145251398305,0.0,0.3948327260682267,0.5154639175257852,0.21780453033424194,0.0,0.8712121212121166,0.0,0.47663676529654364,2.6841243862520443,0.0,3.2115171650055436,0.468540829986614,0.0,0.7974481658692258,1.9304570298871953,0.0,0.0,1.8467220683287031,0.0,3.023480218719853,0.9514062618451976,1.5357980565173643,2.394028145248922,0.6417640283034356,0.2066115702479389,0.0,0.0,0,0.0,0.9003898470785674,3.060168799346579,0.14695077149155314
27.06.2020,3.697996918335905,6.272121162235581,0.14068999265965615,4.244380679100905,3.3662067511536704,0.13594987587185972,0.0,0.7326007326007437,0.09302325581395124,0.18257694314033174,0.0,0.834724540901505,0.0,0.0,0.1282051282051312,0.20829922833321227,0.0,0.6759294029290238,0.0,0.5164832236228621,1.5141855275741052,0.0,0.0,0.13324450366422033,0.25201612903225046,0.47468354430379756,2.2589845978322853,0.0,0.0,1.3599274705349051,0.0,3.9234051410136437,0.8673450230916406,1.919586381387159,2.3933313169449653,0.866579463701764,0.0,0.0,0.0,0,0.34482758620689,1.1866170647974326,2.2349025202092325,0.07336757153339447
28.06.2020,2.8231797919762234,1.5877933545039045,0.18325087044162522,3.5210459915127967,2.0418800707066334,0.0,0.0,1.3333333333333233,0.0,0.29940119760479145,0.0,0.33112582781457467,0.0,0.0013197313026972453,0.5121638924455776,0.07830191867867047,0.0,0.14919806042522665,0.0,0.16279217749119673,1.5308525671220075,0.0,0.0,0.0,0.0,0.15748031496062284,1.3165234854401433,0.0,0.0,3.533094812164588,0.0,2.8840376527137868,0.7519356759976251,1.5326497571505782,1.4598818954782662,1.0212352082995777,0.41237113402061526,0.5813953488372087,0.0,0,0.0,0.8351952335354804,1.2144702842377242,0.0
29.06.2020,3.9017341040462465,1.3799939005794273,0.11584659471984513,3.8001329492576916,0.4130854820440976,0.0,1.1976047904191574,2.9505582137161133,0.13940520446096316,0.532121998702128,0.8882815169114979,0.0,0.0,0.46189986011033063,0.7643312101910837,0.06360571213067093,0.0,0.0,0.0,0.16146878358418182,0.5799118533982796,36.1031518624642,0.0,0.5988023952095782,0.47762694821518803,0.47169811320754723,1.6297764563374113,0.0,0.0,4.838012958963281,0.0,1.6984621374343014,0.5135594472770215,0.5208886999043227,1.0897609653746128,0.9387034659820228,0.20533880903489937,0.0,0.0,0,0.0,0.7116269527242834,0.47995915241256526,0.29325513196479336
30.06.2020,1.4603616133518647,5.6478905016169225,0.35322777101096253,3.693030205998514,1.8600844889744235,0.25382208842452825,1.5215553677092175,3.6405886909372547,0.0,0.3227472243738893,0.31324077209617585,0.6050605060506041,0.0,0.36125269297462953,0.379266750948159,0.18563312144907085,0.0,0.2607076350093096,0.0,0.5560371255206211,4.228167281672828,10.666666666666648,4.506437768240345,0.19841269841270628,0.025018764073052323,0.15649452269171993,1.65781774840177,0.0,0.0,1.9777503090234763,0.0,1.837584342250085,1.1027384671935236,0.7296954314720753,2.282895292195709,0.6438279945950169,0.0,0.0,0.0,0,0.3436426116838423,0.7578182749448436,0.5742161695208082,0.14619883040933795
01.07.2020,3.9067854694996615,3.6660022779043273,0.07889306954728181,3.5615028306742085,3.2548747122942436,0.21785209609043554,1.2489592006661145,1.7189835575485872,0.0,0.3345772744820472,0.37133935353195485,0.38272279934389947,1.5151515151515185,0.3599523553973185,0.0,0.5614823133071393,0.0,0.8172362555720739,0.0,0.2465203313569769,86.74583271869007,4.248573240329746,0.0,0.5940594059405915,0.1250625312656376,1.0937499999999718,2.259646130888938,0.0,0.0,4.969696969696973,0.0,2.3965039236877925,1.0652608616615316,1.3858267716535555,2.490939940238774,0.8687411151476844,0.13661202185792684,0.0,0.0,0,0.0,1.3349816014002716,2.283751010509307,0.14598540145987837
