country,France,Germany,Russia,US,United Kingdom
22.01.2020,0.0,0.0,0.0,0.0,0.0
23.01.2020,0.0,0.0,0.0,0.0,0.0
24.01.2020,0.0,0.0,0.0,10,0.0
25.01.2020,7.142857142857143,0.0,0.0,10,0.0
26.01.2020,7.142857142857143,0.0,0.0,10,0.0
27.01.2020,7.142857142857143,0.0,0.0,10,0.0
28.01.2020,10,10,0.0,10,0.0
29.01.2020,10,10,0.0,10,0.0
30.01.2020,10,10,0.0,10,0.0
31.01.2020,10,10,0.0,10,0.0
01.02.2020,10,10,0.0,10,0.0
02.02.2020,10,10,0.0,7.619047619047619,0.0
03.02.2020,10,10,0.0,10,10
04.02.2020,6.428571428571429,10,0.0,10,10
05.02.2020,2.857142857142857,10,0.0,10,10
06.02.2020,2.857142857142857,10,0.0,10,10
07.02.2020,2.857142857142857,10,0.0,6.655844155844156,10
08.02.2020,10,7.619047619047619,0.0,6.655844155844156,10
09.02.2020,10,5.146520146520146,0.0,6.655844155844156,10
10.02.2020,10,2.2893772893772892,0.0,1.298701298701299,9.233821733821733
11.02.2020,10,4.330193615907901,0.0,2.489177489177489,10
12.02.2020,10,4.330193615907901,0.0,2.489177489177489,9.420896563753706
13.02.2020,10,4.330193615907901,0.0,2.2893772893772892,10
14.02.2020,10,3.1397174254317113,0.0,2.2893772893772892,10
15.02.2020,1.298701298701299,3.1397174254317113,0.0,2.2893772893772892,4.804883491858282
16.02.2020,1.298701298701299,2.0408163265306123,0.0,2.2893772893772892,3.705982392957183
17.02.2020,1.298701298701299,2.0408163265306123,0.0,2.2893772893772892,4.499633186607976
18.02.2020,1.298701298701299,0.0,0.0,1.098901098901099,3.4792250233426705
19.02.2020,1.298701298701299,0.0,0.0,1.098901098901099,3.278723770209838
20.02.2020,1.298701298701299,0.0,0.0,0.0,3.8144380559241244
21.02.2020,1.298701298701299,0.0,0.0,2.0408163265306123,3.623452570820992
22.02.2020,0.0,0.0,0.0,2.0408163265306123,3.623452570820992
23.02.2020,0.0,0.0,0.0,2.0408163265306123,6.729042632932794
24.02.2020,0.0,0.0,0.0,2.0408163265306123,6.9558000025473055
25.02.2020,2.3809523809523805,0.8928571428571429,0.0,2.0408163265306123,8.86056190730921
26.02.2020,6.462585034013605,9.296218487394958,0.0,2.0408163265306123,9.369186409741761
27.02.2020,10,10,0.0,2.933673469387755,10
28.02.2020,10,10,0.0,0.8928571428571429,10
29.02.2020,10,10,0.0,7.6155462184873945,10
01.03.2020,10,10,0.0,10,10
02.03.2020,10,10,7.142857142857143,10,10
03.03.2020,10,10,7.142857142857143,10,10
04.03.2020,10,10,7.142857142857143,10,10
05.03.2020,10,10,10,10,10
06.03.2020,10,10,10,10,10
07.03.2020,10,10,10,10,10
08.03.2020,10,10,10,10,10
09.03.2020,10,10,10,10,10
10.03.2020,10,10,10,10,10
11.03.2020,10,10,10,10,10
12.03.2020,10,10,10,10,10
13.03.2020,10,10,10,10,10
14.03.2020,10,10,10,10,10
15.03.2020,10,10,10,10,10
16.03.2020,10,10,10,10,10
17.03.2020,10,10,10,10,10
18.03.2020,10,10,10,10,10
19.03.2020,10,10,10,10,10
20.03.2020,10,10,10,10,10
21.03.2020,10,10,10,10,10
22.03.2020,10,10,10,10,10
23.03.2020,10,10,10,10,10
24.03.2020,10,10,10,10,10
25.03.2020,10,10,10,10,10
26.03.2020,10,10,10,10,10
27.03.2020,10,10,10,10,10
28.03.2020,10,10,10,10,10
29.03.2020,10,10,10,10,10
30.03.2020,10,10,10,10,10
31.03.2020,10,10,10,10,10
01.04.2020,10,10,10,10,10
02.04.2020,10,9.889679201635479,10,10,10
03.04.2020,10,8.707875636005141,10,10,10
04.04.2020,4.296438001476898,7.564604420779664,10,10,10
05.04.2020,3.5659030128480844,7.0744083367905395,10,10,10
06.04.2020,2.811774896170331,6.436268272363585,10,10,10
07.04.2020,-0.6111667156894498,5.977499360484815,10,10,9.296132381983343
08.04.2020,-0.7728162709365183,5.518545816735359,10,10,8.486698060187155
09.04.2020,-0.24370702185715665,4.864655600236314,10,9.395564898994293,7.784314418324393
10.04.2020,-1.0974893487628,4.27461986854078,10,8.607740217336234,7.081814570267702
11.04.2020,3.0521018946555207,3.8216025158764495,10,7.829597333070441,6.593856803458686
12.04.2020,10,3.559259329900642,10,7.218309308063548,6.251341241547569
13.04.2020,10,3.343228624739159,10,6.594454779350484,5.655268332135925
14.04.2020,10,2.891862863544245,10,6.13998620133971,5.1146627333359245
15.04.2020,10,2.5135331899489732,10,5.653214954824612,4.8051739298074905
16.04.2020,10,2.2097854261656265,10,5.137104316145973,4.609786104583735
17.04.2020,10,2.1112334700249002,10,4.81039993953721,4.483614240248662
18.04.2020,10,1.9876987654292364,10,4.557148662688599,4.462367799422352
19.04.2020,5.007840290063531,1.834342007808266,10,4.3499054193576345,4.352341446425967
20.04.2020,4.825438053967644,1.7716000170558641,10,4.227530217122711,4.261983917542489
21.04.2020,2.845261659810576,1.749341872926271,10,4.017110391534733,4.147962900584221
22.04.2020,2.6547813979762873,1.6072966398721533,10,3.9357462082843084,4.014331619619464
23.04.2020,1.1458853546432433,1.5303545476159468,10,3.827457365611156,3.825676385297084
24.04.2020,1.2153138112375061,1.321051556551868,10,3.6508050898483013,3.678781298808088
25.04.2020,0.9956282625180036,1.2640831138006476,10,3.573335438183803,3.4589171668993894
26.04.2020,0.9479744305644556,1.1952387703140415,9.518249036448845,3.474175492730608,3.3280556948787314
27.04.2020,1.0424083773060961,1.0996145906707755,9.189255220593939,3.270302587462782,3.200913098249966
28.04.2020,1.0653329398106224,1.0843642358342633,8.529698849664578,3.154833751874359,3.0939154546477603
29.04.2020,0.7787884285031552,1.0026488370969857,8.003922467658251,3.0107854584728737,2.978260592040983
30.04.2020,1.036257929660638,0.8973790530743663,7.848314832998007,2.8602157333235363,2.8646572793438945
01.05.2020,0.8252369275618066,0.8165199043842085,7.581352817657172,2.8054317111641245,2.7576092029932204
02.05.2020,0.7421819439492143,0.7544695836403241,7.540699913126484,2.6800848591305373,2.6545828517633403
03.05.2020,0.716544165697975,0.7000953792855611,7.546855038040996,2.586995162561253,2.563176594101056
04.05.2020,0.43913826018096624,0.6527159639334075,7.575329226747434,2.5297026030240337,2.395090708493918
05.05.2020,0.2628087543860719,0.6223868993526205,7.517830377018749,2.4688471686861044,2.255328364652561
06.05.2020,0.7288146269298587,0.5758373548860284,7.596808837822187,2.388556230802645,2.0713592881404237
07.05.2020,0.6850476710678368,0.5535570453288324,7.543470934840181,2.3098457374473753,1.9318834339116364
08.05.2020,0.6833817524431814,0.5575984096854326,7.342071999210176,2.154211591579388,1.7672266697212777
09.05.2020,0.659050860663485,0.541744212658735,6.963301631970652,2.0676010177520423,1.6638325094625428
10.05.2020,0.6487131967995972,0.527664050354139,6.530648099665498,1.9689392043022806,1.5943483088982355
11.05.2020,0.6268594955578669,0.5435134345242488,6.202468505593442,1.8820360896891815,1.5815438260700792
12.05.2020,0.5937887587982017,0.5192543751089715,5.91246366636678,1.8307373620456138,1.533673522296283
13.05.2020,0.2921748529673476,0.49692883968684204,5.558443081179076,1.7586207292033378,1.470557382797585
14.05.2020,0.2831041847974604,0.42039070716421306,5.1796316161815295,1.7105770208130893,1.370347931832645
15.05.2020,0.2808414335707475,0.38456945179239554,4.917102639599634,1.6516753334581982,1.3172237570231289
16.05.2020,0.27110462430938026,0.3652449116449286,4.594552123834349,1.6203790058487477,1.2993644724367077
17.05.2020,0.2621535224851319,0.3691185192540229,4.312584761620348,1.594942636122801,1.2548053508711245
18.05.2020,0.2718377011861814,0.3259292196442409,3.971056106958416,1.6032580761064763,1.172066720908429
19.05.2020,0.25094066633485757,0.3759588888135274,3.7228672482072254,1.5583528756099796,1.1338523120480075
20.05.2020,0.24709096634180996,0.3553343147457881,3.5234410769079103,1.5564413516634275,1.0820486258288484
21.05.2020,0.2169650128446734,0.3680173680923796,3.3448144028353615,1.522091740115472,1.0660189597906011
22.05.2020,0.2352828147572317,0.3611819019967708,3.1447162166221014,1.486361891753525,1.026240207843122
23.05.2020,0.24491135166144332,0.340810999008922,3.057531262013757,1.4341284398719305,0.9842627928907586
24.05.2020,0.19994084824965475,0.31780413009787684,2.913417575215534,1.4325775915494958,0.9493423981912651
25.05.2020,0.19023047095802922,0.3246103466670847,2.8318341316402256,1.3824554458273657,0.8834100414330299
26.05.2020,0.1706727449309852,0.2727878601461907,2.7369422526060236,1.345877360822655,0.791881145029714
27.05.2020,0.1464223002259095,0.24248370810206674,2.64826124344,1.2990102545981337,0.7315612042281979
28.05.2020,0.3837238657929224,0.251505099017589,2.5613743025225166,1.2438501219802933,0.6776368888347681
29.05.2020,0.36988661127450223,0.2534480885300942,2.484324820598196,1.2354421693993276,0.6420821853390083
30.05.2020,0.46316780455226075,0.2523599577342344,2.4014057974324126,1.2453871217933068,0.6157835955134532
31.05.2020,0.5144985088084552,0.24244933666847804,2.3695322790937525,1.2213023255568183,0.596594804392055
01.06.2020,0.5197463291504805,0.23523296948594807,2.297212244765369,1.19476437022166,0.583416682976971
02.06.2020,0.45171549970788594,0.20994838627876106,2.242280129622269,1.203391841623602,0.5691883869549975
03.06.2020,0.1967230936979973,0.20320557754501595,2.2014636910574894,1.1930445515312365,0.5399365300998114
04.06.2020,0.2707676509301471,0.1775536524087264,2.1708104504043773,1.1792252907895555,0.5091236706290327
05.06.2020,0.26897462556196144,0.1556324609498322,2.1304542807372178,1.1651651984821687,0.484544642963323
06.06.2020,0.17579712610057294,0.17541493557678448,2.0818218186153246,1.128997261495442,0.4655567206685448
07.06.2020,0.18365915076940004,0.1812903983387559,2.0277199390926777,1.109470919719109,0.44467047007191524
08.06.2020,0.17345707845871172,0.19456880423011266,2.0034000421709797,1.0960706611180162,0.4234004248272328
09.06.2020,0.26255039799735475,0.2028662358539806,1.9556727464496724,1.0605152062042684,0.40438251424178046
10.06.2020,0.5501506280594681,0.1852905967960136,1.9151600061318022,1.0589403055929212,0.3936302254499262
11.06.2020,0.2446680860830306,0.17100065792254246,1.877521734436862,1.0517725409099348,0.3795348670961947
12.06.2020,0.2600369060196763,0.1769358224104499,1.849925633857285,1.0406388668368978,0.3749956147478543
13.06.2020,0.253805084403938,0.13942974985125806,1.8118856476406324,1.055109048430069,0.378837432788033
14.06.2020,0.25692404385398226,0.1354675433494299,1.774386864230161,1.0523744374887558,0.382499716128567
15.06.2020,0.24654972646611834,0.12035150703137623,1.7222429720207786,1.057588230732055,0.377650021694618
16.06.2020,0.2538293239537786,0.13326427145201303,1.6839978673400737,1.087139661784672,0.3720696867542617
17.06.2020,0.2431917913207004,0.1587506418441421,1.6417813559899799,1.118370207068748,0.3607315903437492
18.06.2020,0.2587466717192501,0.23768500654906619,1.5884000127144806,1.1456120235200564,0.3600739405941355
19.06.2020,0.2566895664372676,0.2330220062063249,1.5365151829788708,1.1734745634911001,0.35507868305157025
20.06.2020,0.2647802581546155,0.25774453338234166,1.4911006268425138,1.208954756072367,0.34252314576597154
21.06.2020,0.2609056187187414,0.28370103634133964,1.4401826597796874,1.241060588344202,0.3321386068277724
22.06.2020,0.2611548048484509,0.30825222272355585,1.4035795689991954,1.3086129564491242,0.32378966715501123
23.06.2020,0.2627773099438965,0.3179060458987099,1.363181809907589,1.377304824877053,0.3122764518581772
24.06.2020,0.24645270713023676,0.320213843490087,1.328907933135378,1.4143614317297193,0.29987131290893254
25.06.2020,0.2222757440512839,0.2653701499930595,1.2954489288798288,1.469057865530471,0.28240273878578714
26.06.2020,0.2550914709739932,0.27822296889079945,1.2503769637039182,1.5344943618608478,0.2639652531493627
27.06.2020,0.24228168110968357,0.2814414055944342,1.2102301309747567,1.5660385277794435,0.26172497381897136
28.06.2020,0.18923722959639663,0.25360140159074074,1.1735128351318294,1.6380402523635273,0.25022119637053636
29.06.2020,0.22447465384802223,0.2421642584222901,1.1385965804757157,1.6656576631513247,0.23575710291931276
30.06.2020,0.20575701543302763,0.21666383349130106,1.1086664280915,1.7016023108956193,0.21104615407937447
01.07.2020,0.2559855260881037,0.2223682214407889,1.082390988764446,1.759945164737816,0.17470521907286476
02.07.2020,0.27543376894612553,0.2201195994226969,1.062516697421101,1.8168725574530329,0.1396734806733279
03.07.2020,0.22346752096352876,0.2008183156577529,1.0495505972235313,1.8179284434158676,0.1324990955429169
04.07.2020,0.21674751760817726,0.20009467941497783,1.0337245605058407,1.8260811217248114,0.1317541733301469
05.07.2020,0.24613944310452526,0.2063747159502283,1.0216060442673147,1.8407236515585126,0.13715261023551975
06.07.2020,0.27114739405729127,0.2198940846877074,1.008863119686591,1.8297012890974866,0.1238604415712904
07.07.2020,0.2713912985971309,0.21247759441084083,0.9920892503468811,1.849150096115013,0.13263629313263817
08.07.2020,0.25856066554076473,0.20339450101114878,0.98210194317907,1.8543862667492772,0.16109184199255894
09.07.2020,0.2513945997030813,0.19032141646714287,0.9670132737631978,1.8394361213270083,0.19262973455319088
10.07.2020,0.26274888978554006,0.1842558868227489,0.9557950211944907,1.8760010273679393,0.19338029544494875
11.07.2020,0.2550236650456948,0.18092899232266355,0.9459148527762995,1.901172064830175,0.202873131487604
12.07.2020,0.255280623733748,0.1724067100211895,0.9342051686344855,1.9149547022263165,0.20895049995539736
13.07.2020,0.2815349477299703,0.15192966996155247,0.9243708753228813,1.9523704553484735,0.2174249695847065
14.07.2020,0.2544899401937016,0.15150286316525444,0.9137168795602592,1.9483396083400932,0.24911475162278182
15.07.2020,0.24709100893171085,0.15679133677606763,0.9030131257306283,1.946703675834384,0.24374098508888653
16.07.2020,0.2549705154716394,0.17490145588040082,0.8934742486782069,1.9726495842366947,0.2433978085227612
17.07.2020,0.2615478556037421,0.193334002641951,0.8809394570018982,1.950884804969794,0.25087823642594936
18.07.2020,0.25549821832959646,0.19325402448873344,0.8660691215933153,1.9256285800140664,0.25031545673080874
19.07.2020,0.25467858569409424,0.20003907843118962,0.8492290516795126,1.8952696668376734,0.2534335295694642
20.07.2020,0.2855248905570828,0.2229629960767145,0.8305528720970693,1.8747450761254782,0.2553328647228136
21.07.2020,0.32067918550717067,0.23080854964701397,0.8161247761544489,1.8372478282248994,0.21601179546630353
22.07.2020,0.3323842581668369,0.2390791075723627,0.7990397959497034,1.8123079378511737,0.21681941457218384
23.07.2020,0.37529576093242595,0.24156602321927564,0.7817690553840405,1.7477520457931537,0.22267445639714026
24.07.2020,0.39116360775964676,0.2511092803661587,0.7643477500113504,1.721549656473254,0.226080302298314
25.07.2020,0.3856056166525348,0.26967674878489695,0.7514611877218907,1.704572248869438,0.22263607685191023
26.07.2020,0.38559853226204444,0.2748099036665172,0.7393458185817988,1.6601655703902065,0.22323602283284477
27.07.2020,0.4196782160843457,0.2639958945120354,0.7286675649377135,1.6217812686546245,0.2276392257154985
28.07.2020,0.41655314803107707,0.27749437852267056,0.7155159863005591,1.589524864221423,0.2324149253070852
29.07.2020,0.44997273954625616,0.29599925243424047,0.7033450457010008,1.5560414065831496,0.24327482102281056
30.07.2020,0.45751811287355565,0.3214375339098831,0.6923108767154612,1.5299813328639646,0.2458502974738008
31.07.2020,0.4686861875659914,0.3286061287321261,0.6820733873901075,1.4855340467500626,0.2505823423339456
01.08.2020,0.4671276769187403,0.32424613600186974,0.6703468056760725,1.438131720129271,0.24989766000178787
02.08.2020,0.4670565035210306,0.31186225895664776,0.6597010404017174,1.388556674875417,0.24913942698914399
03.08.2020,0.5167465391317316,0.34136409040628857,0.6511709828537594,1.3378616135672543,0.26042176235053177
04.08.2020,0.540672648621226,0.34861357393845843,0.6426615838597819,1.2926483584682913,0.2656218033685692
05.08.2020,0.551870325002656,0.3771620812490463,0.6341391825817968,1.2359981100765136,0.2697493651586054
06.08.2020,0.5611977856285462,0.37119722607226546,0.625994800651232,1.1861727531632962,0.27441564732553664
07.08.2020,0.6239507105921236,0.3891544150731275,0.6174391377876267,1.1472900049004813,0.27441096361922596
08.08.2020,0.6242664961305969,0.3947249712967963,0.6095562405858462,1.1216667539926748,0.2735422499834098
09.08.2020,0.6244389993941744,0.4055257395126515,0.6019944660598091,1.117079204277484,0.2896680413791303
10.08.2020,0.6996319501695476,0.42547313315964125,0.5937177279106438,1.106538165837238,0.28312024713150813
11.08.2020,0.7225544867929804,0.44465361331928405,0.5865707194281307,1.0875377168550098,0.30415774428439557
12.08.2020,0.7699412081499168,0.44422900427826767,0.5810088491333018,1.0667874017156733,0.30931417456115745
13.08.2020,0.8268641756000383,0.47442440173598843,0.5740491682758984,1.0390022981027074,0.3166898410138224
14.08.2020,0.8490076147563547,0.4946070279069132,0.5679419418762405,1.0374441022611165,0.34108467883582066
15.08.2020,1.0269374757640974,0.4923832040912842,0.5622218761101416,1.0115044091093,0.3526926654957036
16.08.2020,1.1957813518644453,0.5000537842424965,0.5551971410031196,0.9807659268710889,0.3513604717259344
17.08.2020,0.9445160032809853,0.5273329594942605,0.5483269458277257,0.9470615762577058,0.34612807484672153
18.08.2020,0.9785025438507383,0.5493450385178519,0.5426950387369466,0.9121944737649124,0.3432291156176274
19.08.2020,1.0332581565274832,0.5628373869171458,0.5356441617367266,0.8809300230548577,0.33288785909871316
20.08.2020,1.1375342183452095,0.5694942574633739,0.5289041903198813,0.8545703969038849,0.33377162948339223
21.08.2020,1.233014006271308,0.5797340314278268,0.5233305395920772,0.8025987726696576,0.3145827751684455
22.08.2020,1.231805970991607,0.5862462882119407,0.517929073359174,0.7819934160619139,0.3263024135197804
23.08.2020,1.3061282850180043,0.5918864091588361,0.5134932167354258,0.7623671244052471,0.3224258378823258
24.08.2020,1.3708917455353322,0.5835778088982507,0.5085886737740265,0.755531484447136,0.33287143169816025
25.08.2020,1.434279243581386,0.5824877319890326,0.5048713069005701,0.7448251226375303,0.33555826848238507
26.08.2020,1.2410320245675197,0.568971172715911,0.5001294084665939,0.7382306987596163,0.34834804668217595
27.08.2020,1.5379786906317712,0.5636373096760231,0.49627266926832536,0.7358828511541439,0.3620548466858558
28.08.2020,1.6388193956450485,0.5486916077029738,0.49259336218136635,0.7241390446395164,0.37107041637725974
29.08.2020,1.7117861805781094,0.5395181274476512,0.4898599618378208,0.7181886748169958,0.3600723753376332
30.08.2020,1.7141633873802375,0.5285000493678177,0.4888869026386348,0.7147992939754859,0.3889623066125269
31.08.2020,1.7540651267617806,0.5172166618453526,0.49006154459434387,0.7051447797204641,0.4064058718559556
01.09.2020,1.8006660100615481,0.4996101693218442,0.4881830370739563,0.7050326945901071,0.410479925956554
02.09.2020,2.096742827856153,0.49486915137498716,0.48947292457251884,0.69201547243686,0.42456569843489395
03.09.2020,1.8457936002605269,0.4840792492063087,0.49119024628277586,0.6828737146230751,0.43255170545534505
04.09.2020,1.85394105146354,0.4745809447919395,0.4931761235611461,0.6872466227806163,0.4592807204270112
05.09.2020,1.9514841984502032,0.47698476359336967,0.4950298239946572,0.6805585342293456,0.4874977437037252
06.09.2020,1.9856049270065377,0.4874595557223883,0.49541982835431897,0.6678081443001841,0.5359120975323318
07.09.2020,2.0127711437700957,0.507275457243768,0.49542539483523146,0.6444381134882279,0.5965729476750576
08.09.2020,2.04644879938988,0.5114591687201245,0.4980065360644043,0.6008558318146964,0.6408497407532348
09.09.2020,2.062894966691911,0.5130986082804841,0.49947140200398227,0.5831436568937906,0.6850340397804617
10.09.2020,2.120336565729411,0.5261842097595423,0.5018952219445034,0.560024840392723,0.7275750350821781
11.09.2020,2.093818940389533,0.5311103778366653,0.5043115305509025,0.5495553374648263,0.7855444489115401
12.09.2020,2.1434195009902264,0.5463859433968155,0.5053695736826633,0.5417500013083922,0.8473089873658415
13.09.2020,2.081719308835809,0.5586526776420161,0.5064668684793552,0.5467861166564443,0.8538876061320689
14.09.2020,2.128917826367464,0.5319919619424123,0.5081423332582621,0.5650496651445975,0.834281257934221
15.09.2020,2.1295192776754917,0.554278489154371,0.5112787132764975,0.5929833016148776,0.8528457972999617
16.09.2020,2.1394245247200625,0.5715701847846131,0.5146440420790562,0.5992184836262703,0.8969084470183322
17.09.2020,2.104783385770098,0.5926165894693022,0.5168055647207346,0.6160566867040256,0.9077900658683342
18.09.2020,2.173961540387711,0.6216097904689671,0.5192212551248184,0.614116137813025,0.9283799078264982
19.09.2020,2.1855970851317825,0.6508421606745457,0.5238794752441643,0.6124721707487852,0.9537894802947547
20.09.2020,2.2789191088594167,0.6545199905472169,0.5301835495405214,0.6185372826185024,0.9658510945145615
21.09.2020,2.2250693645421418,0.6566382382248592,0.5363172460148304,0.6520226524019395,1.0223939380651121
22.09.2020,2.2524252212688554,0.6553942061612675,0.5423499008259548,0.649477446993495,1.079060617665687
23.09.2020,2.2870469074969413,0.6384631528480184,0.5487967910529817,0.6457016436288502,1.144757218525083
24.09.2020,2.394124036197785,0.6406516712491007,0.5564757673833923,0.6459871958674885,1.2470268361115662
25.09.2020,2.407117548077895,0.6440275457206059,0.5701916866081087,0.6399699697482719,1.3205799881794047
26.09.2020,2.360876624222326,0.6214476454477668,0.5855878563088549,0.6404558013679977,1.3606788309019733
27.09.2020,2.316432883369577,0.6331872421416541,0.604019223078941,0.635328478031454,1.407464423355756
28.09.2020,2.2621200413869995,0.6643670508090401,0.624879356974863,0.5943171522731109,1.3822599476973454
29.09.2020,2.169428365273426,0.6594250832624431,0.6465093968697737,0.5976174336215468,1.437977173672238
30.09.2020,2.145092737102286,0.6964619260294445,0.6680028469815279,0.5947829717854708,1.4468859882035254
01.10.2020,2.017105539560722,0.7057029015009075,0.6928507011888916,0.5880865843702531,1.4337958553618264
02.10.2020,1.8767444812394147,0.7226038817704273,0.7150103823410953,0.5970124564725473,1.4151324944774235
03.10.2020,1.883968074341196,0.7355834488221785,0.7382547943072577,0.6044467740454899,1.6039707011501687
04.10.2020,1.8924823472442596,0.7433873385677933,0.764495734414797,0.594455740863781,2.095120649751767
05.10.2020,1.9084411262387895,0.7758864337860562,0.791571826766831,0.6029404764106735,2.3187682182128198
06.10.2020,1.9550594303762678,0.7998809415974192,0.8254269717362056,0.6026245451088817,2.4885473884829357
07.10.2020,2.00785949529585,0.8663016924925605,0.8499566414237577,0.6225357414384421,2.6419994323209
08.10.2020,2.057800056754825,0.9588020409942921,0.8726199941401155,0.642903708058469,2.8832358783057295
09.10.2020,2.1917346865937337,1.0276797702343712,0.8964623490600416,0.64119606260693,3.0187932777346753
10.10.2020,2.3367808272418276,1.0808318837697495,0.9225424278020036,0.6463418512571896,3.0017686209883814
11.10.2020,2.361155900197499,1.1329127951497053,0.9491091371673536,0.6659438241866669,2.6320860153536003
12.10.2020,2.408455393268611,1.2724268272062662,0.9702738005474544,0.6690364643699009,2.6060511566296256
13.10.2020,2.4133292958901995,1.3489541048927585,0.9856658624049933,0.6758203486868611,2.601933783592902
14.10.2020,2.4235607322587147,1.4662193150004563,1.0103594946359875,0.6860124931774243,2.6643599793724144
15.10.2020,2.582928720405818,1.561643658468304,1.025192663682039,0.6919803872889073,2.618733910106414
16.10.2020,2.5912889023885013,1.6679303534216738,1.0472857144040744,0.7090807445332057,2.5979262924641917
17.10.2020,2.5951637486451697,1.7286776792111855,1.0585273776175557,0.707531678336853,2.557208994250156
18.10.2020,2.7631041964828653,1.7599585932484474,1.0619928584756493,0.7106797833784333,2.5899228439765523
19.10.2020,2.810863901618585,1.798972706176513,1.0764559112505832,0.7507031746037366,2.6307591522470823
20.10.2020,2.8682477716673227,1.9302856127666392,1.0901917427450758,0.7643374760716837,2.643754283551055
21.10.2020,2.8597927725036842,2.083348871462381,1.0931618307718662,0.7656676011160367,2.6997121594648736
22.10.2020,2.924898393127776,1.9810325501092094,1.1038500455123257,0.7785511226415615,2.6702841225642944
23.10.2020,3.0822052744362236,2.1454995478948944,1.1131539098844072,0.7946369601940576,2.700686195458671
24.10.2020,3.1548988925366417,2.310429790887588,1.1167701189209083,0.8327847304894268,2.7611260222601937
25.10.2020,2.7703921467951917,2.4837105038062512,1.1205279139727737,0.847114317904312,2.7483614318808427
26.10.2020,3.4697311606324766,2.5682702130616546,1.1207157063576587,0.8391647286491525,2.7179850215137287
27.10.2020,3.571306392884302,2.662935329163055,1.1106368214759486,0.8583845126433494,2.6726073565113144
28.10.2020,3.600429475886479,2.7055410477304074,1.103207115755643,0.8779152037174792,2.5576759479596065
29.10.2020,3.5381116771368233,3.049829869720425,1.107442101537044,0.8942848067522647,2.523080831453027
30.10.2020,3.4829438848548846,3.1287611616817337,1.1032702504358416,0.913868735825634,2.5222170704121987
31.10.2020,3.251215356717119,3.1585755044784696,1.1057518539597977,0.9162339770315396,2.4430622522752543
01.11.2020,3.6341072155792244,3.1656180268048977,1.1117760368617196,0.976751313684031,2.4405298775359823
02.11.2020,3.755385221188326,3.418389853408786,1.1072839274816857,0.9963322359043202,2.361045832716706
03.11.2020,4.010971959780011,3.1897499744837985,1.114062808336047,1.0652168115996816,2.2676126938335432
04.11.2020,3.178394770033175,3.4695184591044272,1.1339805068003488,1.0935363399406093,2.2184426094689305
05.11.2020,3.1776666122810986,3.4411146378429716,1.1362539628226898,1.1405775673510932,2.1828704661756215
06.11.2020,3.1736021600021886,3.4020136370280505,1.1438238510082204,1.1691629480817423,2.118446442978004
07.11.2020,3.5331757985040646,3.322705460004063,1.1504443317093966,1.2180414382298763,2.113425138241913
08.11.2020,3.3730480635459648,3.2956629846473535,1.1531918803926753,1.2185689098037191,2.036231166692812
09.11.2020,2.501979128138298,2.7694443502564927,1.1698625568870662,1.2572543348896907,2.030924205374645
10.11.2020,2.01377726314132,3.1308225478141316,1.176040774952497,1.2583070180602545,1.9996820250263236
11.11.2020,2.6921767629990647,2.798737664863887,1.1636661049280106,1.3076719748536392,1.9309485994337428
12.11.2020,2.416258757157651,2.7479719633004303,1.1684045929188678,1.3340174598081542,1.9977382306541098
13.11.2020,2.065645446542754,2.6483588980642554,1.1654880990720327,1.3887853315169918,2.0036062224956868
14.11.2020,1.5737607527267632,2.6062722698542737,1.170335370125321,1.424040418968054,1.983890576465134
15.11.2020,1.4610959346693377,2.353411417346982,1.172959963438561,1.4377258865030227,1.9983461445255821
16.11.2020,1.3651070218360009,2.476323197270753,1.1666015323625427,1.474504650575375,1.9654759906491341
17.11.2020,1.5100998635211824,2.384383757212063,1.164234623448014,1.4855623129383058,1.930893467095996
18.11.2020,1.430874891501837,2.3389683618703168,1.1604436498364108,1.4951082179317325,1.863740459949526
19.11.2020,1.3285472763239363,2.256074407887665,1.1619592940936225,1.510339196531265,1.712280047823031
20.11.2020,1.307140783531029,2.2012161546293774,1.1656243029145696,1.510667443683053,1.609438376614604
21.11.2020,1.1926603141270402,2.1516134600355854,1.1670414586637652,1.4996229986581149,1.5114499269889399
22.11.2020,1.0850908437021618,2.1615999569292432,1.1676981990423998,1.4921410151411334,1.4248538385046101
23.11.2020,1.047463463079799,2.1236773717376236,1.1705869164454252,1.486809587054683,1.347757321187092
24.11.2020,0.7931426326894079,1.912300041874437,1.170598497942137,1.4813512509576086,1.2480587888221462
25.11.2020,0.7043152504988994,1.9953781153073185,1.1767795893391662,1.4731340734552822,1.2187451320528349
26.11.2020,0.6475818486663464,1.9143546147053878,1.1758896426348673,1.3689012139454058,1.1509427746439973
27.11.2020,0.5737450184530732,1.8445307520538576,1.1835046647359386,1.3485918923494065,1.086289347804246
28.11.2020,0.5361955121239376,1.818166926732276,1.1845747316077848,1.3041416757013948,1.0361242121262735
29.11.2020,0.511777108379799,1.7941798032163425,1.184622599219317,1.2830914670814528,0.965993385366546
30.11.2020,0.5058736040661237,1.765140461598189,1.1783756239925225,1.248988455841783,0.9297493305502319
01.12.2020,0.49436263435672384,1.8488301977798545,1.1782534664991604,1.249735468360105,0.9419379437164527
02.12.2020,0.4748881745205146,1.667770760724854,1.176088090608443,1.2526368615865116,0.913644191034874
03.12.2020,0.4708357924122105,1.6543439901323775,1.179066534547713,1.3489852692244786,0.8813536277398512
04.12.2020,0.4603952037359323,1.5619943397633715,1.163775640331373,1.3612928056985703,0.8866488552491685
05.12.2020,0.4603791004507269,1.694008188011359,1.1600530570033811,1.407843587568515,0.8754814976552028
06.12.2020,0.4656800094072024,1.7822907963836963,1.160598350744959,1.4309640897862381,0.9125885944280494
07.12.2020,0.45936149993369996,1.655099546700033,1.1580264417395336,1.4483376223026714,0.925239594736776
08.12.2020,0.4917229021924652,1.6727854506476343,1.143162459499933,1.463784754533586,0.9087628946665747
09.12.2020,0.49142145920081787,1.6606101720652267,1.1358325317215499,1.458892390165817,0.9033541942897163
10.12.2020,0.49525556748480876,1.731956710450538,1.1213319439195064,1.4466097599886183,0.9448321428064856
11.12.2020,0.5046438970741169,1.8341894851484095,1.1153269652551112,1.4286051927037644,0.9789996031847868
12.12.2020,0.5082231804180563,1.748615063430021,1.0985799334546422,1.408230105967341,1.0173882241137286
13.12.2020,0.509335955761966,1.7742089018005793,1.0802911250575866,1.398629117881396,1.016560402936743
14.12.2020,0.507324827918145,1.7771837990114936,1.063627351072186,1.3908803811134003,1.0513735883411912
15.12.2020,0.4907548759449188,1.7848381321873519,1.055740767615006,1.3631695627368396,1.0913177264533496
16.12.2020,0.5055425419948854,1.8295346097199834,1.0465021697958485,1.361111700377268,1.1467949146817897
17.12.2020,0.5288827116790596,1.7595264698890902,1.0367010776059962,1.3438210869112133,1.2414680187155251
18.12.2020,0.5396894150789092,1.7799955250733892,1.0252085492564242,1.3316296097907885,1.2766402878324588
19.12.2020,0.5565252049078865,1.7514243968237533,1.014827134381226,1.2982723160148197,1.3032552876521628
20.12.2020,0.5614535772884575,1.6551793099746668,1.0088619885478614,1.2830459820412614,1.4154363793275504
21.12.2020,0.5763642133562424,1.7685349772451084,1.0091491028482733,1.2595353100271534,1.4924720737689225
22.12.2020,0.5744195168051032,1.7491483070926168,1.0099636678412913,1.2278134998794372,1.6046700533579923
23.12.2020,0.5550248017645371,1.7199824062220987,1.004205653440583,1.199580623576016,1.679621221428954
24.12.2020,0.5694819730851836,1.6528916654516057,1.002725058013538,1.1589404020928313,1.6744749262053897
25.12.2020,0.5901750565382462,1.3490838249228492,0.9951562926086871,1.0366645379626818,1.6791787324808636
26.12.2020,0.5075315973816433,1.2589435823684287,0.9906615815932537,1.0376147725112037,1.7059198002110065
27.12.2020,0.48312814283282707,1.305514531238382,0.9777811380639891,1.004628700949424,1.6546127390246677
28.12.2020,0.4664301679764139,1.2445504889575403,0.9607884791450869,0.9774263004561722,1.6786573963268918
29.12.2020,0.46228888740136637,1.0711473463264995,0.9433783018184849,0.9667932568209886,1.750676152493551
30.12.2020,0.5222121440451826,1.0337696668115708,0.9315711858874824,0.9533164447388186,1.7851372988284713
31.12.2020,0.5086578895941353,0.990616785818223,0.9124551750674718,0.9814193872927747,1.8537457951089436
01.01.2021,0.4999306374099209,1.0992345304131317,0.8948265532402263,1.0167644241090608,1.9462035109633766
02.01.2021,0.501324942526976,1.0705311908231747,0.87331060315127,1.0595002662965691,2.047286878195672
03.01.2021,0.5188266952981687,1.046352055087905,0.8474710312364425,1.0849824183783872,2.1443270023141774
04.01.2021,0.5233737880262238,1.0243972740302296,0.8206582410081432,1.0862763296964755,2.202405339041918
05.01.2021,0.5702291110155671,1.0070992171952475,0.8020705183283463,1.0956007067909594,2.197344103512076
06.01.2021,0.5576871467664617,0.9472918795210887,0.7858376083436935,1.1065332405906922,2.218193067879351
07.01.2021,0.5627104815076112,1.1064700692326568,0.7611882355091716,1.1130693005428556,2.1552185706587816
08.01.2021,0.5613106178347509,1.1235615658143063,0.7406821445284926,1.194261807245356,2.185430063143115
09.01.2021,0.645722902366011,1.2052122095835156,0.7221814454119642,1.1541824646207968,2.150721911128582
10.01.2021,0.660275222674849,1.12881812856889,0.711344441131474,1.1495128554495337,2.1082859699588705
11.01.2021,0.6579596909512829,1.1168310927642808,0.7063893958770234,1.1584147724314142,2.006695169192335
12.01.2021,0.6476433523238712,1.1711503148552675,0.6958200695302258,1.1384883518785867,1.8945517275196548
13.01.2021,0.6355852558250568,1.146790633060482,0.6851581393426703,1.1085431529228305,1.787973147631097
14.01.2021,0.6285682564511287,0.9479780971297547,0.6849430814703836,1.0631957773172895,1.739394102806677
15.01.2021,0.6313513177175254,0.8644347884338224,0.6842087033007868,1.0146203397371787,1.6474113473171665
16.01.2021,0.6329283518621345,0.7979231198711217,0.6822934408571962,0.9724999715638802,1.5359330126119792
17.01.2021,0.6328234347053312,0.8713741190881006,0.6804164538924676,0.9415948461114859,1.4402533873565786
18.01.2021,0.6319081869210749,0.8491774737835671,0.6738288990676742,0.8917621557304016,1.383474064280964
19.01.2021,0.6481297423260902,0.733783504553136,0.6645586570826525,0.8512971581045239,1.3137673486733366
20.01.2021,0.6563256324492873,0.748233307184005,0.6533363390234094,0.8170482969495915,1.2594125659080153
21.01.2021,0.6581008191856911,0.6516058558763328,0.6378691378710993,0.782377447418712,1.1972667158033343
22.01.2021,0.6628175775332189,0.7015550472488776,0.6212093752872425,0.7412413925017722,1.1151880508094807
23.01.2021,0.6705948612560443,0.6805181768202575,0.6049767134071303,0.7155862681266727,1.0709880433250147
24.01.2021,0.6751997900249144,0.6673935931254615,0.5917879097284785,0.688430541393001,1.025494286079433
25.01.2021,0.6766681801213644,0.6487251456837108,0.5744739904167246,0.6850933356870373,0.9546091612656455
26.01.2021,0.662724902683402,0.6261034365392971,0.5577199142578338,0.6696140776284251,0.8941017230337697
27.01.2021,0.6578421031521566,0.5293202434908136,0.5416975953388309,0.6477531590825804,0.8318316947750277
28.01.2021,0.6579855110663541,0.5705745382226343,0.5282359963355672,0.6289913032899136,0.7879939367797771
29.01.2021,0.6526808828012907,0.5432354315835914,0.5167704714917775,0.6112324512617369,0.7368057555301336
30.01.2021,0.6474776887143495,0.573054933030722,0.5069590435759337,0.5910559260015783,0.6913980827596973
31.01.2021,0.6476910172480197,0.5105086571463288,0.4938938145491378,0.5756748566631373,0.6523392375719463
01.02.2021,0.6472006898370476,0.5074998483543119,0.4853612231959444,0.5655905942611053,0.6351293830721098
02.02.2021,0.6479568731519635,0.494474475510087,0.4771614634304719,0.5457439295114555,0.6196258423702872
03.02.2021,0.6401653640921683,0.4708908543578718,0.4703433488789513,0.5252793539256163,0.5927280025285598
04.02.2021,0.5328099593055559,0.4559978782910394,0.45915194768544393,0.49863708659834644,0.558535901052256
05.02.2021,0.6255646270146215,0.4407951344454079,0.4475752794001587,0.4772873689035978,0.5179164550904977
06.02.2021,0.6062871396797826,0.381594305934824,0.4366812490471771,0.4562506041113434,0.4964359992498825
07.02.2021,0.6043599932105683,0.4184920222731952,0.4263167991019106,0.44184121390245856,0.47456704856757753
08.02.2021,0.603376685165877,0.4046794324669589,0.41824932674687254,0.4163592338926729,0.4559425564100689
09.02.2021,0.5810297231095968,0.39110210090063985,0.41069008907557825,0.40448121764951,0.43791332062612753
10.02.2021,0.5723055048776929,0.36884363143887394,0.4018883073975109,0.3883713831984587,0.41376251453306506
11.02.2021,0.6596214638975303,0.34755595179851234,0.3942247272855849,0.3774116352032872,0.38588695148931473
12.02.2021,0.54815174896652,0.3358359427302963,0.3869216626289816,0.35916762353632087,0.3697475659424479
13.02.2021,0.5474968188847852,0.32141205960199576,0.37910399152706586,0.3462803692866407,0.35027009326509967
14.02.2021,0.531989252931108,0.30928670735766917,0.37104247016204833,0.33195712668283456,0.33149899197214433
15.02.2021,0.5315787278699632,0.3116073323147936,0.36354086546073766,0.31531390280890703,0.31494366500234033
16.02.2021,0.5310002212588655,0.3118258565757395,0.35590756895186093,0.29575845248307403,0.30761774630852506
17.02.2021,0.5256525965914836,0.3127263610440661,0.3489012293648929,0.2815376486643077,0.3055077330348533
18.02.2021,0.5282685994081958,0.3108979600740304,0.3421369089320603,0.26260355352729414,0.29941892713272866
19.02.2021,0.5387569932021685,0.3087962099382751,0.3351865585178609,0.25052723342491723,0.2874871433557399
20.02.2021,0.5400454488820433,0.31201512394359276,0.32746549921911416,0.2418793653002045,0.2764507300413822
21.02.2021,0.5585979736319928,0.31888966348591746,0.3214687481996522,0.2370212568300345,0.2716961741115854
22.02.2021,0.5588819865053688,0.3173167283200131,0.31500904497271176,0.23665854514775866,0.2741035116701033
23.02.2021,0.5581719589945094,0.31578028283162823,0.30933325333925804,0.2429364798916037,0.266098864380671
24.02.2021,0.5794386608268239,0.3214929988827353,0.30486346488687094,0.24482069707825754,0.2555826341913514
25.02.2021,0.5869902663297749,0.32718899268973756,0.296398766207932,0.2475675161311732,0.2477019060084224
26.02.2021,0.5872967862750712,0.3282349843532061,0.28760329647276434,0.2471582997374616,0.23493975175984247
27.02.2021,0.5903394160364542,0.3302451005529288,0.2820425682625676,0.24285200557194292,0.2240966939088263
28.02.2021,0.5789696209546777,0.3295538943427485,0.27663748695005824,0.23935349962374788,0.21065612610359655
01.03.2021,0.578535881774756,0.33056775589427045,0.27239030231921946,0.23871906490756883,0.1923926819275281
02.03.2021,0.5854432241001805,0.3340194460469282,0.2674274004187352,0.23069473236316743,0.18480602857361336
03.03.2021,0.5630278278960084,0.3329958102082535,0.26264753209454067,0.22619465734348876,0.17237140697130932
04.03.2021,0.5587962254719564,0.33358098101547734,0.2626168709682716,0.22087075613232107,0.16049520097887687
05.03.2021,0.548851418545015,0.3331292850971615,0.26176827284849,0.21441275488557657,0.15147392316631433
06.03.2021,0.5428023137447938,0.33549131162986345,0.259380965760604,0.21059050901005041,0.14667196365434182
07.03.2021,0.5468343143881162,0.33686661826979175,0.2561592617296064,0.20539989678829906,0.14377337650795521
08.03.2021,0.5491335076029199,0.3353255892679832,0.251106107183949,0.20002366270438632,0.1414295182795904
09.03.2021,0.547026256783045,0.33639450695758466,0.24682508909519726,0.19901323126285722,0.1393866870576816
10.03.2021,0.5534900931149221,0.3933697574482609,0.2414308618928465,0.19419647911402765,0.13783109359869009
11.03.2021,0.5599188456288953,0.35422238712084775,0.2338352479790849,0.1909908761474953,0.13825696079517072
12.03.2021,0.562145389024164,0.3707661676608444,0.22922749282254692,0.18822134621816164,0.1402764279118978
13.03.2021,0.5811961353112604,0.38241699453073036,0.22500532691177602,0.18507033476397264,0.1383946588958894
14.03.2021,0.5941139048370802,0.3951913742466959,0.22283133285181198,0.1832467650661289,0.13633176308334408
15.03.2021,0.5964892313917792,0.4022294232394499,0.21968123202844655,0.18803132565050146,0.13720389596053803
16.03.2021,0.6167247333754415,0.4168409235302041,0.21908491667733368,0.18698583723837084,0.13532467331805415
17.03.2021,0.6426167579000782,0.39516238230191086,0.21841466189126854,0.1872209710274433,0.13437300458798948
18.03.2021,0.6619529216793548,0.4617232520085303,0.21973869587773018,0.18568070384634147,0.13248217863227468
19.03.2021,0.6917847775820425,0.4777941407285386,0.21897814908809976,0.18528713978607023,0.12624726948702455
20.03.2021,0.7055092132586837,0.49268682627259436,0.21763908297712026,0.18659631049733566,0.12615480287782746
21.03.2021,0.7150472855003087,0.49761111159344606,0.21464046644927373,0.18449862832864364,0.12821023804443
22.03.2021,0.7446641223751068,0.5055656978368422,0.21368956856611934,0.1816321229783701,0.12897514354801473
23.03.2021,0.6891743681748091,0.5639644895857582,0.21020863242504823,0.18078422928309104,0.1289929986242522
24.03.2021,0.7707495924733624,0.5914350135599982,0.20932740089651425,0.19358456694120188,0.12826727493618542
25.03.2021,0.7985935425693312,0.6116313728458677,0.2069808426985329,0.19673113617228813,0.1278972349235
26.03.2021,0.8137401123888777,0.6316087398204434,0.20479695770388945,0.2036582887301536,0.13224670606603617
27.03.2021,0.8302167093631961,0.648794076989058,0.20189999351858376,0.20572972352460125,0.12637851825741153
28.03.2021,0.844719210561596,0.6028269344664834,0.20072447043782662,0.2108558314429878,0.12158742854953071
29.03.2021,0.8209597911369151,0.6114521162540052,0.19837200124751783,0.2188992606481603,0.11938497370692067
30.03.2021,0.8678902885268149,0.6206443046351126,0.19733865682568827,0.22233669871509962,0.11481729904845987
31.03.2021,0.8358653681417708,0.6216889973707331,0.19499855452632966,0.2122486486332233,0.10971294418228515
01.04.2021,0.8427788462502147,0.6221964680186594,0.19437449375554014,0.21701943361092654,0.10394501546949132
02.04.2021,0.8495926263928729,0.5944182503424839,0.19274022499215973,0.2138079685553371,0.09458875784786556
03.04.2021,0.7155627610037608,0.5215551451080312,0.19275230134100813,0.21431393867907517,0.09291764526256938
04.04.2021,0.8393302916782128,0.5636743968653614,0.19147614863271087,0.209342743437692,0.08779425808661488
05.04.2021,0.8426632936499612,0.5403445898925937,0.1909091309734041,0.2117366407289787,0.08132236921533234
06.04.2021,0.7710838857751997,0.4566789975157345,0.190702308852267,0.21117676822039547,0.07580530289580219
07.04.2021,0.5922212152161406,0.47903126932979917,0.19041478981564924,0.21442013157533185,0.07143419765607287
08.04.2021,0.7210755044910996,0.49390013994546755,0.1884280095787644,0.21435873761286012,0.06666164714205
09.04.2021,0.5813171162055012,0.5292439584513895,0.18914756810034078,0.21960099084721227,0.03986547094349781
10.04.2021,0.5848345030544178,0.6004971597339027,0.1877584157607754,0.22145917788141248,0.037515391368713624
11.04.2021,0.681731663283296,0.5623578642736204,0.18702254985408606,0.22581502115750357,0.03529467355503067
12.04.2021,0.6740156529558204,0.5918898470994637,0.1856334721427071,0.22231657033368732,0.03805759003708946
13.04.2021,0.7595062860693726,0.6934760037273675,0.18479689015971199,0.230084532221404,0.03836552452046819
14.04.2021,0.8770858642977811,0.689899803248303,0.18455393252652844,0.22968075636728752,0.03746911625506466
15.04.2021,0.6986733124427023,0.6773692074831746,0.1850555381366346,0.22621493048361097,0.03627835383776729
16.04.2021,0.7974100274136877,0.6716902531583616,0.18421311251335015,0.22381456251230514,0.060995621104880236
17.04.2021,0.890360380087743,0.6742935240728649,0.18578547094804712,0.21649078376437794,0.05952900624428209
18.04.2021,0.6324843641571627,0.6669600225295568,0.1852277950791486,0.2145674877029738,0.06000543165638394
19.04.2021,0.6265366044881165,0.6605161315853103,0.1857415847284218,0.21375880211768575,0.05790458646804491
20.04.2021,0.6350615957758585,0.6631753589243957,0.18541899723159716,0.20504063376491247,0.057952665223198814
21.04.2021,0.6071491999540051,0.6263934171231167,0.1849197446127027,0.19940258206081865,0.05757912258405627
22.04.2021,0.5906276947588062,0.6507277763309572,0.18474008117789076,0.19584310832235458,0.05754295485775849
23.04.2021,0.5758882287678307,0.6388710295665982,0.1839152337914302,0.18731485228902872,0.0573347585139921
24.04.2021,0.5636801608930267,0.6096837714443757,0.1820208123121414,0.18701096074390186,0.0568167821014834
25.04.2021,0.548060221372058,0.67101072031617,0.18213028019725022,0.18279773284166353,0.056304332172101866
26.04.2021,0.545458285999891,0.6441801340668426,0.1824563899445657,0.1733062405090787,0.053243691943511876
27.04.2021,0.5057697394512494,0.6143009582152025,0.18180135255812274,0.16845689006299527,0.053752626175135175
28.04.2021,0.49393104646616015,0.6264652802171906,0.18022552203445782,0.16425454551785504,0.052777266290236956
29.04.2021,0.47354743010670247,0.5885927953636647,0.1807520420964129,0.16034120586924297,0.0517536549674464
30.04.2021,0.45049209872827156,0.5512287683835774,0.1801046774382307,0.15816851816789826,0.05057014956157054
01.05.2021,0.43032570187302255,0.5661106581719162,0.18112330492729062,0.15458396035650349,0.04986582086162664
02.05.2021,0.39192425073938636,0.5358885243625152,0.1805581881537654,0.15270036972900597,0.04965621989911623
03.05.2021,0.386035098566751,0.5330664347074043,0.1792899914977488,0.1538522968282219,0.04819932925137089
04.05.2021,0.36910458709077104,0.5215076091318375,0.17815931940220578,0.14925191034683927,0.04587462313007207
05.05.2021,0.35327582007190095,0.4932337450537952,0.17825216134806093,0.14488291108353832,0.045929801585939664
06.05.2021,0.3396596037556686,0.46395084844989326,0.17301190811948364,0.13938547907109725,0.046415732469578384
07.05.2021,0.3254768049698022,0.4651433588549771,0.17165218988915779,0.13474227288522328,0.0466896043821503
08.05.2021,0.3119953560727554,0.4406888350789792,0.1685043260835585,0.12925042299333353,0.04713534100891096
09.05.2021,0.3095160888587552,0.40407227835377446,0.16736046360610873,0.1256599905385079,0.0474258486753845
10.05.2021,0.3081694352375318,0.4107616353887949,0.16697989626520288,0.11953856690443751,0.04966772363721027
11.05.2021,0.2956568127193556,0.39010378001390583,0.16770733569095483,0.11645640493612605,0.051268881184324586
12.05.2021,0.2833515879167607,0.32390047776084213,0.1681390615169062,0.11215863269423705,0.05169614068159869
13.05.2021,0.276828476776811,0.30508001006397073,0.17006011065459975,0.10833854187717232,0.05180994427605339
14.05.2021,0.2466472050337972,0.28496547658090277,0.17293694586308458,0.10547157765808597,0.05084576377474339
15.05.2021,0.23345926824202817,0.2610042822492204,0.174020832906452,0.10323401195923214,0.0508351073822042
16.05.2021,0.24490649689104113,0.2890801266778159,0.1741218878624031,0.10114798956887153,0.051314081109588704
17.05.2021,0.24489456715936986,0.28079564472489976,0.17635624323427032,0.09784675907835991,0.050055354917701404
18.05.2021,0.23789967891248134,0.23126610645466147,0.17626530528883153,0.09503791441898254,0.03451594879971145
19.05.2021,0.23118436796522832,0.2517454660031794,0.17510687409272366,0.09204636589172296,0.034018397642686694
20.05.2021,-0.649595502492834,0.2393569235799827,0.17729313254476575,0.08819122672525301,0.034113201724947737
21.05.2021,-0.6341547721023018,0.2297136098814126,0.1754238491295713,0.08233990670960588,0.03572594295684194
22.05.2021,-0.6401451114141572,0.2255205822727275,0.17487584775958456,0.07837389226338379,0.03719112928254564
23.05.2021,-0.6492929806435576,0.2156019309571629,0.17573644730492505,0.07662399118197032,0.037708078375990106
24.05.2021,-0.6517299218055841,0.20335863392538003,0.17274640211926132,0.07512765920911926,0.03889388198811311
25.05.2021,-0.6851811355537821,0.18342694042962873,0.17161294751579834,0.07304065790827938,0.054150978165878175
26.05.2021,-0.6989748244071844,0.15393415432248184,0.17263200132297657,0.07083793200396334,0.056817621016111666
27.05.2021,0.16957050949952884,0.13876388486760988,0.17173581766360374,0.06961706829588431,0.05896468781587187
28.05.2021,0.16535351631719425,0.13096403645521418,0.17233433514939134,0.06671362174517026,0.06313565103099836
29.05.2021,0.16227364601983554,0.12333597746733596,0.17366909001471326,0.06326120656406276,0.06537956314849483
30.05.2021,0.15923797804511558,0.1169766943369109,0.17545102829087872,0.06044976663675567,0.06859263340627027
31.05.2021,0.15453727408268972,0.11642998375268473,0.1753246877930519,0.05250899664811618,0.07148980778999571
01.06.2021,0.1711540494129076,0.11793182541617686,0.1796308705515106,0.05191820403572408,0.07362439817362205
02.06.2021,0.1426377005302278,0.12019851195290998,0.18062842163665122,0.048738700209412775,0.07761101378539992
03.06.2021,0.14633678685491672,0.10737431766361685,0.1800115104526038,0.04525681278439829,0.08324401140263234
04.06.2021,0.13533655754030183,0.09493786407209226,0.17881654162318578,0.04317892982832157,0.08985720028921998
05.06.2021,0.12298452806464122,0.08609162758322146,0.17808315688340845,0.04401239102499693,0.0974189651123678
06.06.2021,0.11417723787888805,0.08186254479234403,0.17623952011997476,0.04348193195512777,0.10401253664224444
07.06.2021,0.116158950925211,0.07887871000349389,0.17864306146712283,0.04727102454839383,0.11119491989845033
08.06.2021,0.10648192203189158,0.07598898467037889,0.17964546134454423,0.043519251583286116,0.12015583609989852
09.06.2021,0.11687161423016341,0.06887741321361171,0.18374317679343896,0.04426218586293379,0.12965583361314714
10.06.2021,0.08921538618849643,0.06519122525253113,0.19114045737211358,0.04221440251425869,0.13596681151330925
11.06.2021,0.08151333034810404,0.06206915558166467,0.20071134492221335,0.04547617721187926,0.14147337853602454
12.06.2021,0.07480858498741239,0.05909442162782576,0.21248912839380704,0.042967070730563175,0.14723146776518978
13.06.2021,0.06930525267599427,0.055363472488673515,0.22751770295279639,0.04275181000161713,0.15364883488259176
14.06.2021,0.06811930098791595,0.0531511262384018,0.23890499726449646,0.04155810212100413,0.15977098688370292
15.06.2021,0.0612099360299588,0.048926230727453134,0.24995601011287172,0.04061285742335743,0.16460783899930842
16.06.2021,0.05498805827382964,0.041842550768106834,0.2575650607594232,0.03786030104348332,0.16897160424282648
17.06.2021,0.0489603314108908,0.034735449497562715,0.26331033957688393,0.03625240869649625,0.179821086685307
18.06.2021,0.04722657168930975,0.029882395719817906,0.2755567307965317,0.034750092195637704,0.18671004554917392
19.06.2021,0.043882508734472365,0.028000774833408033,0.2866651901330912,0.034632204987134416,0.19419650615045914
20.06.2021,0.041249659386763886,0.02618915936554077,0.2935144895367468,0.03430296001730342,0.19925743232199045
21.06.2021,0.040748819949244355,0.024727693365370784,0.30243935029731883,0.034055162312035134,0.20768257905576332
22.06.2021,0.03819777543977134,0.022901074432337385,0.3082293365091804,0.034029248197475735,0.21934640332867003
23.06.2021,0.0363766069038849,0.021728338582662685,0.31851085306768395,0.034263641766093415,0.24075586850742492
24.06.2021,0.036263232995526515,0.020092597417533654,0.3338627676075473,0.035542718615919525,0.25813510046728727
25.06.2021,0.03330353511162605,0.019391065722068297,0.34086756710067706,0.03678024595365638,0.27302557582404996
26.06.2021,0.032072793815045346,0.01744218509310601,0.3494369334604131,0.03685786307429617,0.29627697798997127
27.06.2021,0.03138602755118864,0.016701354572910724,0.35575219173565736,0.03677240085893162,0.31247007653478703
28.06.2021,0.031437244662300835,0.016117696043181508,0.3655984122830841,0.03800785447241475,0.348642469708177
29.06.2021,0.034320349686613426,0.015671038859452868,0.37445624866617505,0.036266360586848526,0.3740027830347396
30.06.2021,0.03198117535348822,0.014408042666183342,0.38201184012992184,0.0375926996719767,0.4017443653699669
01.07.2021,0.033575574549003055,0.01547299160669118,0.3891408248190981,0.03788057110897779,0.43278000628336993
02.07.2021,0.03527399699972501,0.015164055205672723,0.3948131445134986,0.03998762509637126,0.46526514835765453
03.07.2021,0.03740787377872644,0.014936568665871022,0.4002590994568455,0.03828615768887063,0.4826431425397723
04.07.2021,0.039770310424243026,0.015221852465239782,0.41048793425525837,0.03807497644177967,0.5082061637632476
05.07.2021,0.040460506385545714,0.01541534831793251,0.4156892448399924,0.035648888759016645,0.5185491061365324
06.07.2021,0.04090836780868231,0.01596320686900254,0.4211112966788034,0.04266778147449733,0.5405555496625964
07.07.2021,0.047496336115030915,0.016670311400529037,0.4268885347301312,0.04531215630517134,0.5560697209421421
08.07.2021,0.05182126976160702,0.01723599992888959,0.42824463489828185,0.04725558135271855,0.5656424351112019
09.07.2021,0.056411288194831585,0.01805000395453898,0.43284520747843297,0.05485255906598734,0.5881483207036308
10.07.2021,0.06049815487295843,0.019498510008070704,0.4325103176229318,0.05640619052377864,0.6060052907977517
11.07.2021,0.06463002783925653,0.0200955553521625,0.43023425011519073,0.05948578675634514,0.6240554759854339
12.07.2021,0.06575434315879121,0.02070781014096703,0.43029679654209824,0.06990076390082546,0.6421171385449039
13.07.2021,0.07390705136464273,0.02190188070575105,0.43175443137994607,0.0711064522161848,0.660227399322646
14.07.2021,0.06746203019169518,0.024302894260448755,0.4295261014732275,0.07548562237707648,0.6838353858054199
15.07.2021,0.08346267951763443,0.026359671403900407,0.4287607384782121,0.08000959441774769,0.7245679225559118
16.07.2021,0.09879656212809941,0.02894503948146775,0.4265967600075501,0.0924760923877314,0.7628443080613557
17.07.2021,0.11397690378819823,0.030843580043328152,0.42473310285846655,0.09390315798556105,0.8178412488928093
18.07.2021,0.1337328440049713,0.03241932990828264,0.4227753420668983,0.09756269940400451,0.856478509764802
19.07.2021,0.14075053937024612,0.034055473735374854,0.41964419687110777,0.1052030908089141,0.8662195615501623
20.07.2021,0.16768888906191187,0.03632609266455091,0.41554075943706653,0.11104037402890977,0.8867973593153674
21.07.2021,0.21594215915083453,0.036416903008224165,0.4134836909449598,0.11819378897757755,0.8847582850941598
22.07.2021,0.24194454149194608,0.03824350970606823,0.40968965837295634,0.12839797268790912,0.8548263260050747
23.07.2021,0.26168929575974464,0.03937166333523221,0.4033740450943121,0.14552953749067735,0.8064726330461139
24.07.2021,0.2962017683802546,0.04037989895644606,0.39885724219479185,0.15098657246528865,0.7416576987319493
25.07.2021,0.3019902317104193,0.040999720502033744,0.3949342497038485,0.1532411413554482,0.6878439102111863
26.07.2021,0.30465929482991616,0.042655581717497615,0.3899887588027747,0.16723771289639583,0.6435696419090015
27.07.2021,0.3247352788442707,0.044284124587833616,0.3867190356700762,0.1786637798880307,0.580368691242345
28.07.2021,0.3384715619976202,0.0495746555624904,0.38219876193434626,0.18616556329267892,0.5303960067368589
29.07.2021,0.3450110572105358,0.052755403369441387,0.3778407599985429,0.1959900158439126,0.5041088601225016
30.07.2021,0.355308221277987,0.055478612824170416,0.375786797640898,0.22347150527441523,0.48434577362359915
31.07.2021,0.34945671412714585,0.05631822161358646,0.37404017160940234,0.22635976597825155,0.4674451025574805
01.08.2021,0.35890718921342846,0.05782921666257085,0.3697079908960871,0.23324314188718517,0.45354596175601003
02.08.2021,0.3659013711539072,0.05817415752683276,0.36901195430363487,0.2463747453661387,0.4452095209300148
03.08.2021,0.3577869605980624,0.059983010517410694,0.36533807765336895,0.2598642870044185,0.43970453051699276
04.08.2021,0.35918552684294086,0.06223092347281532,0.3644641505150724,0.2703596109017946,0.44603181826781413
05.08.2021,0.36117562373341855,0.06476240500479698,0.36277459625404124,0.2825055055610223,0.441639693431942
06.08.2021,0.3629893406887213,0.06771882725611282,0.3592945338545139,0.3080210616006097,0.4449465851866127
07.08.2021,0.366110959292224,0.07128351348240451,0.3544823620984623,0.3142918221918411,0.4490797156057357
08.08.2021,0.3666401543656318,0.07383998045154834,0.35324006650316153,0.30791190380142147,0.45449391154891067
09.08.2021,0.36305963418944887,0.07644343229545972,0.3487742577838024,0.3305753357481165,0.45929687561952043
10.08.2021,0.3719504654886577,0.07915518681409003,0.34600913967555746,0.33675702438495375,0.4614003800958792
11.08.2021,0.37815574257928547,0.08594498142287044,0.3423630513545225,0.3593824082344573,0.4597162320835852
12.08.2021,0.38259344611207535,0.09351815487410238,0.3383628662389771,0.3705717822813047,0.4641039572303973
13.08.2021,0.38550590903052867,0.10147970101796489,0.3362797031356048,0.3579806673391273,0.46379090497605474
14.08.2021,0.3808103685848972,0.10856419094491673,0.3347059455316342,0.3576331971415331,0.46367400250133933
15.08.2021,0.38137425184859014,0.11407342623974259,0.33077033291099395,0.36287480866025723,0.4598998940224405
16.08.2021,0.3944387856932931,0.11896638702677698,0.32659297801620085,0.3765024395179611,0.46553550430492613
17.08.2021,0.38446858617806284,0.1267268462947667,0.3246345924116622,0.3874539775897989,0.4711013079123619
18.08.2021,0.3765254445480838,0.1396534022396028,0.322177474500938,0.38671646181929464,0.4787348915567116
19.08.2021,0.3655652275079006,0.14987507632459549,0.31927069667189706,0.3909845370213883,0.4843947153024784
20.08.2021,0.35369139357744206,0.1623711880571736,0.3154834776617815,0.39459834198449645,0.4921120984373955
21.08.2021,0.34870414242256276,0.16929168061110048,0.3120335957603445,0.40055080155089834,0.49573521416979416
22.08.2021,0.3390986760484466,0.1773001705849184,0.30881137705113365,0.39794726220188653,0.5058961953607333
23.08.2021,0.32671722539730635,0.18466674965260907,0.3051211123334919,0.4023998849348983,0.511323609352242
24.08.2021,0.3271662675539857,0.22586048694560312,0.2997094122325416,0.40238347872921526,0.5180405126031212
25.08.2021,0.31228415121213476,0.24097202711588223,0.2959301666460041,0.40473358152699507,0.5193780934445531
26.08.2021,0.2990379642210796,0.2528195287237319,0.2921134842939786,0.41317875466687465,0.5198849375111635
27.08.2021,0.2506102362772732,0.22665371662120357,0.2882051688622164,0.4097328146852969,0.518498402412329
28.08.2021,0.27699093572500944,0.2328030333871971,0.28430241750928154,0.40708580492340635,0.5165373249878532
29.08.2021,0.2685875054439632,0.23492198083584373,0.28096679722314283,0.40888178395969893,0.5160738125837302
30.08.2021,0.26780730686283444,0.2390494596477051,0.2780374873697334,0.41438408154975415,0.5018369974028923
31.08.2021,0.21267201098731328,0.24524360351765137,0.2754245514197671,0.4178617272929442,0.5024851064628093
01.09.2021,0.23162501317570733,0.2475977313063213,0.2725220196598776,0.4279553896777148,0.4997357075518517
02.09.2021,0.21945686101468412,0.25498490706288973,0.2707041212471611,0.4225536613630933,0.49663457169121594
03.09.2021,0.2500943112868982,0.25829046588290133,0.2688820038542969,0.41706247935523383,0.5031928202553979
04.09.2021,0.20261750547576782,0.25970622261000426,0.26691598523079957,0.4193159646259946,0.510263656254512
05.09.2021,0.19555945236479322,0.2647976994626264,0.2650716606652794,0.41945539440982194,0.5150906367224357
06.09.2021,0.18576808801809327,0.2641875156698195,0.2636146423567581,0.35211452596534504,0.5430659160584133
07.09.2021,0.21571775581460642,0.26449499209745525,0.26230117726162755,0.38409124590736116,0.5514229873437422
08.09.2021,0.15868635672422027,0.23156391952712588,0.2610379696348014,0.37535528276759245,0.5546590202887453
09.09.2021,0.1665196550014865,0.26525951359009975,0.25919112172756437,0.36845681232428446,0.550827957526361
10.09.2021,0.15547067788437624,0.2659434190811031,0.2575549698585753,0.363716749390193,0.536864948595925
11.09.2021,0.14782316640393348,0.263926899785206,0.2572074408134418,0.3630330417930319,0.5185599209299087
12.09.2021,0.1426283127143136,0.25908410969789986,0.2564781222623863,0.36119172876540667,0.5002830722211338
13.09.2021,0.14106995470801595,0.25693161327299113,0.25659509239254086,0.42096971248748555,0.4766368048336192
14.09.2021,0.14060178176476487,0.21998864054736908,0.2569194796918786,0.3770436602376117,0.4530388043455628
15.09.2021,0.1291718618709768,0.24750256197527243,0.2580297699657965,0.37107508736194744,0.43367444961710483
16.09.2021,0.12122067457944652,0.2047504019736037,0.2598967368035709,0.36805360257719283,0.4101338428673231
17.09.2021,0.11644746737534648,0.22797845615589857,0.26240970448647816,0.359419598604341,0.39943576022046745
18.09.2021,0.11267437525144551,0.22255306077586154,0.2645961814665993,0.35585595656141783,0.3989713288161471
19.09.2021,0.10841555258545173,0.2177721189025377,0.2670927279319294,0.35542137353580594,0.39867830056609765
20.09.2021,0.1068160988699681,0.21413872315674382,0.26944053378395644,0.33389228029567974,0.40761157769320794
21.09.2021,0.09507917859871251,0.20830656341443005,0.27129584207309293,0.32445032186085576,0.4145670670807058
22.09.2021,0.10872747338633461,0.20019989026976784,0.2721083575735543,0.31053316670139974,0.4203508851469288
23.09.2021,0.09418786615413946,0.19449166240012208,0.2748055724432465,0.2996486004201385,0.4362775713067739
24.09.2021,0.09189952927895004,0.19071638196643834,0.27672330592928945,0.2874793965229666,0.44030370422995624
25.09.2021,0.0865420166045409,0.18807443651631442,0.2790684746392836,0.28386876488790486,0.43951703331654285
26.09.2021,0.08442740758389293,0.18647194157241107,0.28259423523030874,0.2864500919870614,0.44483955565074734
27.09.2021,0.08432021780557208,0.18443344402029518,0.2864394781825675,0.27666413703801235,0.4457778124103848
28.09.2021,0.08108712906419573,0.1845608465934278,0.29006965265642753,0.27247690064229557,0.4507121168010836
29.09.2021,0.07921936320358917,0.18864394648280042,0.2943180035010565,0.26842578606440676,0.4513648894397103
30.09.2021,0.0754136043191501,0.19049193094565003,0.2979389868934107,0.26220001948582056,0.4492387940683877
01.10.2021,0.07222855108627661,0.19128105479582166,0.30290024794115566,0.253235955336451,0.44528595899039397
02.10.2021,0.07195491939227153,0.1911886374519333,0.30787798141767864,0.2501968288274858,0.44274213423823877
03.10.2021,0.069630525771439,0.18987626012263942,0.31299256045283264,0.24746969705726848,0.4348161783623195
04.10.2021,0.06919446174716966,0.18868548841852997,0.3186083321856418,0.24179639263563502,0.427185560304406
05.10.2021,0.06656247189677754,0.1895416181936287,0.3242297551975005,0.23662114978579002,0.4223250505016459
06.10.2021,0.07348916450890888,0.1868846984512401,0.32819074385961206,0.2317870215363021,0.4269649858302185
07.10.2021,0.07294047443552416,0.18799276264295783,0.3338863865785911,0.22815614114482216,0.4322574580934651
08.10.2021,0.07223397212165932,0.18914701281747082,0.3377379828895307,0.21882875483136993,0.4311492240997616
09.10.2021,0.07130522032994917,0.1902276471798978,0.3441790547305126,0.2147353701015972,0.44710825025172124
10.10.2021,0.0717826059428652,0.1931815072388628,0.34813941517456215,0.21312813786832646,0.4523475820826778
11.10.2021,0.07146417366497007,0.19430858334833429,0.3534864277594845,0.19612881233445464,0.45954675957599794
12.10.2021,0.07173201285842122,0.19450288572739963,0.3578295907880312,0.19858478512876612,0.4657635685269246
13.10.2021,0.05544880827949705,0.1962234615284292,0.3630647336017464,0.20160698600514257,0.4682857978021571
14.10.2021,0.06427303752105289,0.1960374852751096,0.3684472626810261,0.19662700206308598,0.4743367793146443
15.10.2021,0.06700564026035324,0.2018477144103843,0.3759974546462245,0.1907527404026068,0.48815680212407603
16.10.2021,0.06725498691681023,0.20651932731012088,0.3813795866502194,0.19195069755445132,0.4916199740497715
17.10.2021,0.06674974787934689,0.20903691096662463,0.3901034588257453,0.19017793245011663,0.5084938136692397
18.10.2021,0.06675901382489835,0.21419018755646954,0.39737620443867877,0.18982916839896552,0.5216050348834792
19.10.2021,0.06655714306914175,0.2607147421706954,0.4057794007708007,0.18132482651926793,0.5289155485083533
20.10.2021,0.0754331661641996,0.28098425360484475,0.4137586114235976,0.1713109119579232,0.5381741669975768
21.10.2021,0.06864794869885375,0.2993678991257741,0.4209873771496895,0.16862212194871776,0.5468827586312675
22.10.2021,0.06911398569944764,0.3095907605596429,0.42795954269752656,0.16359844340294272,0.5516179033757799
23.10.2021,0.07181033522078703,0.29436767769805694,0.433991274269223,0.16166838408122025,0.5524669189695767
24.10.2021,0.07416772937661263,0.30395850012475784,0.43440360031274894,0.15725869522117544,0.5399022663201122
25.10.2021,0.07456508287859664,0.3124357819394578,0.43877575077253456,0.1605382186904452,0.516440344897026
26.10.2021,0.07594737177141549,0.339727138108264,0.44157528959152437,0.15641896334010127,0.5140342329739698
27.10.2021,0.07784599763475984,0.3700027791597895,0.4439737697831666,0.15905699748821506,0.5036604725310204
28.10.2021,0.07742123906106647,0.3389300092396638,0.4483850785710923,0.15836055634851287,0.4811392740358456
29.10.2021,0.07742305429856915,0.4081525355878541,0.4508897996041992,0.15753969412187185,0.4693523015884603
30.10.2021,0.07940690683822657,0.44949745919796485,0.4531276058867307,0.158295908397686,0.460491412845049
31.10.2021,0.0819405006982031,0.41609753397566435,0.46019606536010815,0.1624508104431058,0.45673410450811264
01.11.2021,0.08295897713662688,0.42130669924956976,0.46218639273288026,0.16180914774398492,0.46058194313205947
02.11.2021,0.07371916603754133,0.41621013476189955,0.4644095872395728,0.16230782853254494,0.44267596074737214
03.11.2021,0.07998617791937467,0.4310256411649496,0.46881813209754924,0.15690433151610397,0.43648233334873254
04.11.2021,0.08637643705816192,0.5204224488898135,0.4667103290824531,0.1579598326610371,0.43068926457152185
05.11.2021,0.09137126530099368,0.5049264305881936,0.46591744550976444,0.15841141383243368,0.414312318640847
06.11.2021,0.09571012123352539,0.5227135912424218,0.46543491037256357,0.15869328722146978,0.39622299388614646
07.11.2021,0.099945140333862,0.5626522777619822,0.4600907023678294,0.1599147829738216,0.38257367275522514
08.11.2021,0.10061807245510987,0.5982615894213621,0.45621361710150193,0.15850528675174674,0.36918884825470866
09.11.2021,0.12099590817372467,0.6258078787925629,0.45431336520593124,0.16108611401396958,0.3666088254537887
10.11.2021,0.1240157392271086,0.670038988792124,0.448208393491441,0.1639867621713993,0.3621942822954481
11.11.2021,0.1301687597781738,0.6973776872115913,0.44694211048056315,0.15567040000232585,0.37065914964439306
12.11.2021,0.1199205948899543,0.7258712016673019,0.4438069602449663,0.17073030987772306,0.3771069716323006
13.11.2021,0.12948719738035339,0.7523891241789021,0.43830164572785446,0.17307300482677582,0.3869058757321254
14.11.2021,0.13697935630192776,0.7686300254584424,0.4357437938991998,0.17143573710061713,0.3951275752363764
15.11.2021,0.13899835511012046,0.7967106557333007,0.43217308568271756,0.17915509511982516,0.40618210368715896
16.11.2021,0.1529033228253905,0.8247237090996108,0.42650807827977966,0.1811257429807625,0.4110442631588583
17.11.2021,0.16888178444531016,0.8643399838536155,0.42238248174366216,0.18580640740325652,0.4072075934249995
18.11.2021,0.1834927926549539,0.8832564778051237,0.4150802338511408,0.20210407956271564,0.412035540035396
19.11.2021,0.21671167199770608,0.907827928306838,0.4085363706033903,0.1952627138561082,0.4186762316963444
20.11.2021,0.23161989796169788,0.9309740357057805,0.4033961015017387,0.195290097153145,0.42045728424456524
21.11.2021,0.2450462145267766,0.9462624777983043,0.3987887103911082,0.19743034537423346,0.423720216137864
22.11.2021,0.24879901827273931,0.9741625411579294,0.3929811563763805,0.20033085085736194,0.4291567255010884
23.11.2021,0.268305167761782,1.0021061096681287,0.3872325874607518,0.201414813638163,0.4359959982414642
24.11.2021,0.29077812915481893,1.016981834357374,0.38130821639877344,0.2009162565573002,0.4410218558102219
25.11.2021,0.31468504857010066,1.0463395016981212,0.37473596769071893,0.1774042180482498,0.4377894228509664
26.11.2021,0.33855025842072667,1.0562984538455749,0.37003081653374525,0.1548072839656467,0.4428960562887533
27.11.2021,0.36439001848406727,1.0472001442915506,0.36434386155585036,0.14965592341509537,0.44066628077850517
28.11.2021,0.3854170479915679,1.0350908462416384,0.3584214931980309,0.15047804781816362,0.4347737486247743
29.11.2021,0.3910817455863632,1.0333203307134724,0.3550203403351701,0.16381225591465207,0.42891147649600675
30.11.2021,0.42041350924280557,1.0224782547762323,0.35239327866797726,0.17079423884818912,0.4235747337190306
01.12.2021,0.4513862733828781,0.9997450737670563,0.3506271619645484,0.1783200392179353,0.42869590492674003
02.12.2021,0.4766804573201636,0.9838477505968451,0.3492375188818904,0.20920128891797857,0.4353366541369943
03.12.2021,0.5024909558796982,0.9649300027841833,0.34572573262861955,0.23891240812209105,0.43508030724875996
04.12.2021,0.5260098915862826,0.9542107222319987,0.34340369657837994,0.24942988674689687,0.43577954274968805
05.12.2021,0.5428129831884827,0.9496263083228257,0.34106803490658016,0.25110749028442464,0.443466524756858
06.12.2021,0.5477251097965559,0.8669379644598475,0.33750624744248786,0.24571175703162734,0.45367958790878576
07.12.2021,0.5654917111663741,0.9131831238676286,0.33424235075967307,0.2434942189104638,0.45863488412881764
08.12.2021,0.5811278221630168,0.7934033126161999,0.33022022987028776,0.24594023512829935,0.4606740972515167
09.12.2021,0.5924054216525547,0.8510343829452339,0.32460633254526516,0.23934185992297588,0.4543379746521257
10.12.2021,0.5979553361247738,0.8228920422162848,0.32068861163697177,0.24396399447127629,0.4619270199845607
11.12.2021,0.5984091776636941,0.7936164707601528,0.3158801844965663,0.24075331680134818,0.47449716716707097
12.12.2021,0.5982337528057206,0.7780105755544461,0.31115648846061006,0.23748052929967794,0.47889394862271606
13.12.2021,0.5981826773233507,0.8131059078213196,0.3067220709612684,0.24102920689033255,0.47961503757129725
14.12.2021,0.6013302599123757,0.7126613186378341,0.30194931949900244,0.24102882209868107,0.4966571936500378
