country,France,Italy,Spain,US,United Kingdom
22.01.2020,,,,,
23.01.2020,,,,,
24.01.2020,,,,,
25.01.2020,,,,,
26.01.2020,,,,,
27.01.2020,,,,,
28.01.2020,,,,,
29.01.2020,,,,,
30.01.2020,,,,,
31.01.2020,,,,,
01.02.2020,,,,,
02.02.2020,,,,,
03.02.2020,,,,,
04.02.2020,,,,,
05.02.2020,,,,,
06.02.2020,,,,,
07.02.2020,,,,,
08.02.2020,,,,,
09.02.2020,,,,,
10.02.2020,,,,,
11.02.2020,,,,,
12.02.2020,,,,,
13.02.2020,,,,,
14.02.2020,,,,,
15.02.2020,0.001484296146767203,,,,
16.02.2020,0.001484296146767203,,,,
17.02.2020,0.001484296146767203,,,,
18.02.2020,0.001484296146767203,,,,
19.02.2020,0.001484296146767203,,,,
20.02.2020,0.001484296146767203,,,,
21.02.2020,0.001484296146767203,0.001655887940101897,,,
22.02.2020,0.001484296146767203,0.003311775880203794,,,
23.02.2020,0.001484296146767203,0.00496766382030569,,,
24.02.2020,0.001484296146767203,0.011591215580713276,,,
25.02.2020,0.001484296146767203,0.016558879401018967,,,
26.02.2020,0.002968592293534406,0.01987065528122276,,,
27.02.2020,0.002968592293534406,0.028150094981732245,,,
28.02.2020,0.002968592293534406,0.034773646742139834,,,
29.02.2020,0.002968592293534406,0.048020750262955,,0.00030305911293161144,
01.03.2020,0.002968592293534406,0.05630018996346449,,0.00030305911293161144,
02.03.2020,0.004452888440301609,0.08610617288529863,,0.0018183546775896685,
03.03.2020,0.005937184587068812,0.13081514726804985,0.0021398138079531657,0.0021214137905212803,
04.03.2020,0.005937184587068812,0.17718000959090296,0.004279627615906331,0.003333650242247726,
05.03.2020,0.01039007302737042,0.2450714151350807,0.0064194414238594975,0.003636709355179337,
06.03.2020,0.013358665320904826,0.32620992420007366,0.010699069039765828,0.004242827581042561,0.00150521821524771
07.03.2020,0.023748738348275247,0.3858218900437419,0.021398138079531656,0.005152004919837395,0.00301043643049542
08.03.2020,0.028201626788576854,0.6060549860772942,0.03637683473520382,0.00636424137156384,0.00301043643049542
09.03.2020,0.03710740366918008,0.7666761162671782,0.05991478662268865,0.006667300484495452,0.00451565464574313
10.03.2020,0.0489817728433177,1.0448652902042967,0.0748934832783608,0.008485655162085121,0.01053652750673397
11.03.2020,0.07124621504482574,1.3694193264642687,0.11554994562947096,0.010000950726743178,0.01053652750673397
12.03.2020,0.09054206495279939,1.682382147143527,0.18402398748397225,0.013031541856059292,0.0150521821524771
13.03.2020,0.11725939559460903,2.0963541321690013,0.2845952364577711,0.015456014759512183,0.0150521821524771
14.03.2020,0.13507094935581548,2.386134521686833,0.41726369255086737,0.017577428550033462,0.04365132824218359
15.03.2020,0.13507094935581548,2.995501283644331,0.6184061904984649,0.0212141379052128,0.06472438325565152
16.03.2020,0.22116012586831324,3.573406174739893,0.7318163223199826,0.02939673395436631,0.09934440220634887
17.03.2020,0.22116012586831324,4.144687514075047,1.1405207596390374,0.04060992113283593,0.12493311186555993
18.03.2020,0.22116012586831324,4.931234285623448,1.3331040023548224,0.05879346790873262,0.17761574939922978
19.03.2020,0.36216825981119755,5.638298436046958,1.7760454606011276,0.08061372403980864,0.24685578730062444
20.03.2020,0.6694175621920085,6.676540174490848,2.2318258016951518,0.11273799001055947,0.29502277018855116
21.03.2020,0.8356587306299353,7.9896593109916525,2.9422439859356033,0.14395307864251544,0.38232542667291836
22.03.2020,1.0033841952146292,9.067642359997986,3.7917500676930103,0.1827446450977617,0.4350080642065882
23.03.2020,1.2794632785133289,10.062831011999227,4.945109710179766,0.23941669921597306,0.5494046485654142
24.03.2020,1.6356943537374578,11.293155751494936,6.00859717273249,0.31306006365835465,0.7721769444220752
25.03.2020,1.9785667636406816,12.42412721458453,7.8039009576051965,0.41397874826458125,1.059673623534388
26.03.2020,2.518850561063944,13.603119427937083,9.34028727171557,0.5403543983570632,1.3321181204942234
27.03.2020,2.962655108947337,15.124880444890724,10.994363345263366,0.6985512553073644,1.7671261847008117
28.03.2020,3.4346612836193073,16.59696482364131,12.800366199175839,0.9146324028276033,2.206649903553143
29.03.2020,3.871044350768866,17.848816106358345,14.557153335505388,1.0828302105046477,2.5257561651856575
30.03.2020,4.48999584397079,19.193397113721087,16.51080334216663,1.297093003347297,3.0917182141187967
31.03.2020,5.233628213501158,20.579375319586372,18.111384070515598,1.6240937862005058,3.6983211548636237
01.04.2020,7.093451285400463,21.78320585204045,20.086432215256366,2.0107972143012423,4.711333013725333
02.04.2020,7.99738763878169,23.041680686517893,22.14279328469936,2.468719533940907,5.700261381143077
03.04.2020,9.662767915454491,24.310090848635948,23.96163502145955,2.8990634743037953,6.809607205780639
04.04.2020,11.22424746185359,25.437750535845336,25.564355563616473,3.385776409671963,7.949057394723156
05.04.2020,11.994597162025768,26.307091704398832,27.049386346335968,3.87612605439531,8.855198760302278
06.04.2020,13.231015852282848,27.360236434303637,28.547256011903183,4.401327497105793,9.711667924778224
07.04.2020,15.332779196105209,28.360392750125186,30.053684932702215,5.1820077720176245,11.37794448905744
08.04.2020,16.140236299946565,29.257884013660416,31.652125847243227,5.833887923933521,12.929824468977827
09.04.2020,18.129193136614617,30.26797565712257,33.05370389145255,6.504557740851176,14.614163651840016
10.04.2020,19.591224841180313,31.211831782980653,34.410345845694856,7.16704496171968,16.304523707563195
11.04.2020,20.535237190524253,32.23682641790373,35.53374809487027,7.815894522506259,17.57643309944751
12.04.2020,21.367927328860656,32.95051412008764,36.82405582106603,8.388373186834073,18.565361466865255
13.04.2020,22.21842902095826,33.88774669418532,37.99453397401641,8.9878241122128,19.658149891135093
14.04.2020,23.321261058006293,34.88459123412666,38.63647811640236,9.737895416718539,21.279269908956877
15.04.2020,25.455678917057533,35.841694463505554,40.03163671918782,10.521909341872618,22.606872374805356
16.04.2020,26.573353915573236,36.71103563205905,41.3305037006154,11.185305740079915,24.172299318662976
17.04.2020,27.702903283263076,37.66317119761764,42.80055578667922,11.821426818123369,25.54806876739938
18.04.2020,28.654337113340855,38.46130918474676,42.8882881528053,12.410573733662421,27.218860986324337
19.04.2020,29.231728314433298,39.17830866281088,43.765611814066105,13.011539954605807,27.872125691741843
20.04.2020,30.043638306714957,39.930081787617134,44.61939752343941,13.691907663137274,28.736120947294033
21.04.2020,30.827346672208037,40.81432594763155,45.53951746085928,14.444403440546465,30.578508042757232
22.04.2020,31.6348037760494,41.53794897745608,46.4703364673189,15.189019681019435,31.866974835009266
23.04.2020,32.40070058778127,42.30628098166336,47.4118545428183,15.92363497076566,32.895038876023456
24.04.2020,32.97809178887371,43.00175391650615,48.19716621033711,16.580970186714325,34.427351019145625
25.04.2020,33.525797067030815,43.68894741164844,49.006015829743404,17.105868570311877,35.657114301003
26.04.2020,33.88648103069524,44.119478276074936,49.622282206433916,17.531969683093724,36.20501373135317
27.04.2020,34.53511844683251,44.67088896012886,50.33056057686641,17.980497170232507,36.69119921487818
28.04.2020,35.079855132696075,45.30343815324779,50.974644533060314,18.65965264231225,38.15126088366846
29.04.2020,35.71216529121891,45.838289957900706,51.9439801880631,19.38426698133173,39.30877369119395
30.04.2020,36.141126877634626,46.310218020829744,52.517450288594546,20.048572556877822,40.264587257876244
01.05.2020,36.46321914148311,46.75565187671716,52.517450288594546,20.62711240346427,41.316734790334394
02.05.2020,36.75562548239625,47.54054276032545,53.70932657962446,21.154738319078206,42.200297882684794
03.05.2020,36.956005462209816,47.828667261903185,54.060256044128785,21.519318431934934,42.58262330935772
04.05.2020,37.410200083120586,48.15156541022306,54.411185508633096,21.930872707296064,42.99505310033559
05.05.2020,37.904470699994064,48.5423549640871,54.80705106310444,22.60396699711717,44.08784152460542
06.05.2020,38.31265214035505,49.1533776139847,55.32916563224501,23.30676108000558,45.0617177098707
07.05.2020,38.57834115062637,49.60709090957263,55.784945973339035,23.88772539949548,45.751107652454145
08.05.2020,38.937540818144036,50.00947167901739,56.274963335360304,24.424746147610293,46.624134217297815
09.05.2020,39.056284509885415,50.33071393939716,56.65799000698393,24.86842468894217,47.03806922649093
10.05.2020,39.160185240159116,50.60393544951396,56.963983381521224,25.171786860986714,47.36470157919969
11.05.2020,39.550555126758894,50.900339390792205,57.22718047989947,25.485149983758003,47.64768260366626
12.05.2020,40.06709018583388,51.185152116489725,57.603787710099226,25.967317032432195,48.5733918060436
13.05.2020,40.19325535830909,51.5080502648096,57.99751345076261,26.492215416029744,49.24622434825933
14.05.2020,40.714243305824375,51.94189290511629,58.46185304708844,27.031963696160947,49.77907159645702
15.05.2020,40.86564151279463,52.34261778662095,58.757147352585974,27.536557119192082,50.30740319000896
16.05.2020,41.01110253517782,52.59596864145655,58.9796879886131,27.89962193648415,50.92604787647578
17.05.2020,41.72801757406638,52.83607239277132,58.9796879886131,28.15146405933032,51.02689749689736
18.05.2020,41.91949177699935,53.00000529884141,59.292100804574275,28.520893117993953,51.24665935632354
19.05.2020,41.59739951315086,53.26825914513791,59.43974795732304,28.95881353618013,51.99926846394739
20.05.2020,41.762156385442026,53.534857103494325,59.675127476197886,29.412493028238753,52.49298003854863
21.05.2020,41.88386866947693,53.793175622150216,59.78639779421146,29.7743456090791,52.90540982952651
22.05.2020,42.103544499198485,54.00844105436346,61.25858969408323,30.139228781048757,53.34493354837884
23.05.2020,42.23119396782046,54.20549171923558,61.36558038448089,30.46471426833731,53.67608155573334
24.05.2020,42.11245027607908,54.288286116240684,61.52392660626942,30.658975159726474,54.24655925931223
25.05.2020,42.24455263314137,54.44062780673006,57.41976372261525,30.839901450146645,54.403101953697984
26.05.2020,42.44790120524847,54.569787066058005,58.025331030265995,31.03870822822978,54.60028553989543
27.05.2020,42.44938550139524,54.76352595504992,58.025331030265995,31.486629597142702,55.23548762672996
28.05.2020,42.548833343228644,54.87943811085706,58.0296106578819,31.816660971125227,55.75177747455993
29.05.2020,42.624532446713765,55.02350036164593,58.033890285497804,32.155481059382765,56.164207265537804
30.05.2020,42.709137327079496,55.20730392299724,58.04244954072962,32.4433872166678,56.396010870685956
31.05.2020,42.75515050762928,55.33149551850487,58.04672916834553,32.63158692579833,56.48632396360082
01.06.2020,42.80264798432583,55.43084879491099,58.04672916834553,32.86524550186861,56.61577273011212
02.06.2020,42.959983375883155,55.52192263161659,58.04672916834553,33.16315260988038,56.99057206570879
03.06.2020,43.0802113637713,55.63949067536383,58.048868982153486,33.46893925482838,57.37289749238172
04.06.2020,43.14700469037582,55.7852088140928,58.059568051193246,33.77381672243757,57.570081078579165
05.06.2020,43.21379801698035,55.92595928900146,58.0617078650012,34.03990262359153,57.95842737811307
06.06.2020,43.25981119753013,56.04518322068879,58.063847678809154,34.232951278528965,58.17367358289349
07.06.2020,43.27910704743811,56.132945281514196,58.06598749261711,34.37144929313871,58.254955366516874
08.06.2020,43.3607433355103,56.24057799762082,58.06598749261711,34.52631249984676,58.32570062263351
09.06.2020,43.491361396425816,56.37139314488887,58.06598749261711,34.80330852906626,58.61921817460682
10.06.2020,43.52253161550792,56.48896118863611,58.06598749261711,35.06878831199435,58.86607396190744
11.06.2020,43.56260761147064,56.5767232494615,58.06598749261711,35.31608454814655,58.98047054626627
12.06.2020,43.60416790358013,56.669452974107216,58.06598749261711,35.56550219808926,59.177654132463715
13.06.2020,43.63979101110254,56.79861223343516,58.06598749261711,35.784310877625884,59.33871248149522
14.06.2020,43.6546339725702,56.87147130279965,58.06598749261711,35.88947238981316,59.37935337330691
15.06.2020,43.69619426467968,56.914524389242295,58.06598749261711,36.01099909409873,59.4230047015491
16.06.2020,43.865404025411145,56.970824579205754,58.06598749261711,36.24950661597591,59.60363088737882
17.06.2020,43.90251142908033,57.04202776063014,58.06598749261711,36.476194832448755,59.76920489105606
18.06.2020,43.944071721189815,57.15131636467686,58.06598749261711,36.687730093275015,59.87005451147766
19.06.2020,43.964851867244555,57.22914309786166,60.58882797219389,36.87744509797021,59.99649284155847
20.06.2020,43.99156919788636,57.310281606926644,60.60380666884956,37.05109796968002,60.103363334841056
21.06.2020,44.000474974766966,57.350022917489085,60.605946482657515,37.14716770847934,60.151530317728984
22.06.2020,44.03609808228938,57.38810834011144,60.608086296465466,37.26172405316749,60.17260337274245
23.06.2020,44.11625007421481,57.41791432303327,60.61022611027342,37.48568473762395,60.31409388497574
24.06.2020,44.13554592412278,57.3665817968901,60.61450573788933,37.71449436788732,60.445047869702286
25.06.2020,44.16374755091136,57.422881986853575,60.62092517931318,37.88057076177384,60.59406447301182
26.06.2020,44.202339250727306,57.472558625056635,60.63804368977681,38.070285766469034,60.70996627558589
27.06.2020,44.20382354687407,57.485805728577446,60.64446313120067,38.22060308648311,60.7701750041958
28.06.2020,44.20382354687407,57.52223526325969,60.64874275881658,38.31788506173416,60.81683676886847
29.06.2020,44.25577391201092,57.5321705909003,60.65516220024044,38.42971387440593,60.848446351388674
30.06.2020,44.30030279641394,57.57025601352264,60.674420524512016,38.59912391853469,60.929728135012056
01.07.2020,44.32850442320252,57.60502966026478,60.6936788487836,38.810659179360954,61.075734301891075
02.07.2020,44.347800273110494,57.65470629846784,60.70223810401541,39.03461986381742,61.13744824871623
03.07.2020,44.3745176037523,57.67954461756937,60.73861493875061,39.239790883272114,61.21120394126338
04.07.2020,44.3745176037523,57.71431826431151,60.73861493875061,39.33131473537746,61.2593709241513
05.07.2020,44.37303330760553,57.725909479892216,60.73861493875061,39.42889976974144,61.287970070241
06.07.2020,44.41756219200855,57.739156583413035,60.745034380174474,39.54133470063907,61.30452747060873
07.07.2020,44.43388944962299,57.788833221616095,60.75359363540628,39.88742820760697,61.385809254232115
08.07.2020,44.479902630172774,57.81367154071762,60.7621528906381,40.14230092158246,61.471606692501226
09.07.2020,44.50365136852105,57.833542195998845,60.772851959677865,40.45475486701495,61.5182684571739
10.07.2020,44.542243068336994,57.85341285128007,60.77713158729377,40.70205110316714,61.569445876492324
11.07.2020,44.54669595677729,57.86500406686078,60.77713158729377,40.930557674317576,61.59503458615154
12.07.2020,44.54669595677729,57.8799070583217,60.77713158729377,41.073904634734234,61.608581550088765
13.07.2020,44.58083476815294,57.90143360154302,60.783551028717625,41.20573534885948,61.623633732241245
14.07.2020,44.583803360446474,57.92958369652475,60.78997047014149,41.47727631404621,61.689863333712154
15.07.2020,44.71442142136199,57.951110239746086,60.79852972537331,41.76972835802521,61.72899900730858
16.07.2020,44.739654455857035,57.98422799854812,60.80494916679716,42.06096816555249,61.765124244474535
17.07.2020,44.75895030576501,58.00244276588924,60.81350842202897,42.338267253884915,61.80425991807097
18.07.2020,44.76340319420531,58.025625197050665,60.81350842202897,42.60556539149059,61.817806882008206
19.07.2020,44.76340319420531,58.03059286087097,60.81350842202897,42.74982152924604,61.83436428237592
20.07.2020,44.79902630172772,58.052119404092295,60.817788049644875,42.910139799986865,61.84941646452841
21.07.2020,44.77973045181975,58.07695772319382,60.82206767726078,43.24229258775991,61.8870469199096
22.07.2020,44.78863622870035,58.091860714654736,60.82634730487669,43.613540001101136,61.912635629568804
23.07.2020,44.80496348631479,58.10841959405575,60.83276674630055,43.942662197744866,61.926182593506034
24.07.2020,44.81980644778246,58.11669903375626,60.83918618772441,44.27420886729205,61.97434957639396
25.07.2020,44.81980644778246,58.12497847345677,60.83918618772441,44.56787314772278,61.99692784962268
26.07.2020,44.81980644778246,58.133257913157294,60.83918618772441,44.72970671402826,62.00896959534467
27.07.2020,44.84652377842427,58.1415373528578,60.84346581534031,45.06307173825303,62.0134852499904
28.07.2020,44.86581962833225,58.159752120198924,60.84774544295622,45.43340997425546,62.04509483251061
29.07.2020,44.88659977438699,58.169687447839536,60.85844451199599,45.869815096876984,62.09627225182903
30.07.2020,44.91034851273526,58.17465511165984,60.86272413961189,46.26045829344583,62.09627225182903
31.07.2020,44.926675770349696,58.18955810312075,60.8670037672278,46.61897722404393,62.12637661613398
01.08.2020,44.926675770349696,58.19783754282126,60.8670037672278,46.9581003714144,62.1459444529322
02.08.2020,44.926675770349696,58.21108464634208,60.8670037672278,47.09659838602414,62.153470544008435
03.08.2020,44.97120465475272,58.2309553016233,60.92477874004254,47.266008430152915,62.154975762223685
04.08.2020,44.97417324704625,58.239234741323806,60.98041389904932,47.64634761688209,62.18206969009815
05.08.2020,44.990500504660695,58.25579362072482,60.982553712857275,48.0730548478898,62.20314274511161
06.08.2020,44.996437689247756,58.265728948365435,60.984693526665225,48.430967660262034,62.230236672986074
07.08.2020,45.01573353915573,58.270696612185745,60.99111296808909,48.82221697505674,62.24829929156905
08.08.2020,45.017217835302496,58.292223155407065,60.99111296808909,49.1516422308134,62.252814946214784
09.08.2020,45.017217835302496,58.29553493128727,60.99111296808909,49.32499204341028,62.26034103729103
10.08.2020,45.03948227750401,58.30215848304768,61.14731937606967,49.48167360479593,62.28743496516549
11.08.2020,45.058778127411976,58.31209381068829,61.15801844510943,49.81412945168191,62.307002801963705
12.08.2020,45.086979754200556,58.328652690089314,61.153738817493526,50.2732640077733,62.33710716626866
13.08.2020,45.1122127886956,58.338588017729926,61.209373976500316,50.58783936699631,62.36420109414313
14.08.2020,45.14041441548418,58.343555681550235,61.23505174219575,50.98454374582379,62.38075849451085
15.08.2020,45.141898711630944,58.605185976086325,61.23505174219575,51.301240518837325,62.38527414915659
16.08.2020,45.14486730392448,58.61180952784674,61.23505174219575,51.48550045949974,62.39280024023283
17.08.2020,45.17306893071306,58.618433079607144,61.297106342626385,51.62763518346467,62.39731589487857
18.08.2020,45.205723445941935,58.62671251930765,61.34846187401727,51.99827647858003,62.41537851346154
19.08.2020,45.23244077658374,58.63830373488837,61.62021822762731,52.388313556923016,62.44096722312076
20.08.2020,45.24876803419818,58.64823906252897,61.65445524855457,52.723799994938304,62.44999853241224
21.08.2020,45.2843911417206,58.663142053989894,61.707950593753395,53.05746807827602,62.45300896884274
22.08.2020,45.2977498070415,58.6681097178102,61.707950593753395,53.35416294983606,62.48010289671719
23.08.2020,45.2977498070415,58.67970093339091,61.707950593753395,53.504177210737204,62.48913420600868
24.08.2020,45.32149854538977,58.68632448515132,61.78070426322381,53.63812933865297,62.495155078869665
25.08.2020,45.34970017217835,58.69294803691174,61.89197458123736,54.01210428401059,62.51923857031363
26.08.2020,45.34970017217835,58.71447458013306,61.992545830211164,54.369107919044026,62.54482727997285
27.08.2020,45.401650537315206,58.722754019833566,62.04604117541,54.70701882996277,62.562889898555824
28.08.2020,45.428367867957014,58.73765701129448,62.07813838252929,54.99219745523141,62.57643686249305
29.08.2020,45.43727364483762,58.739312899234584,62.07813838252929,55.29010456324319,62.594499481076014
30.08.2020,45.44172653327792,58.74593645099499,62.07813838252929,55.426178104949486,62.596004699291264
31.08.2020,45.4877397138277,58.7558717786356,62.255742928589406,55.57588930673771,62.600520353937014
01.09.2020,45.52781570979042,58.76911888215642,62.37985212945068,55.897435025558146,62.60503600858275
02.09.2020,45.56640740960636,58.77905420979703,62.46972430938472,56.216253212362204,62.62008819073523
03.09.2020,45.59164044410141,58.79561308919805,62.55531686170285,56.528707157794685,62.6411612457487
04.09.2020,45.561954521166065,58.81382785653916,62.949042602366234,56.825402029354734,62.65621342790117
05.09.2020,45.57976607492727,58.84032206358079,62.949042602366234,57.07391050195866,62.67427604648415
06.09.2020,45.58570325951434,58.85191327916151,62.949042602366234,57.207256511648566,62.67728648291465
07.09.2020,45.61984207088999,58.87178393444273,63.15874435554564,57.304235427786686,62.68180213756039
08.09.2020,45.67624532446714,58.88834281384376,63.32564983256599,57.44606709263868,62.72996912044832
09.09.2020,45.72374280116369,58.91152524500518,63.398403502036395,57.780947412428105,62.7420108661703
10.09.2020,45.75194442795227,58.9280841244062,63.55033028240107,58.06097403277692,62.763083921183764
11.09.2020,45.873656711987174,58.94464300380722,63.65304134518283,58.41131036732586,62.77211523047525
12.09.2020,45.90037404262899,58.95457833144783,63.65304134518283,58.63830164291163,62.785662194412474
13.09.2020,45.90779552336282,58.96616954702854,63.65304134518283,58.759525288084276,62.79318828548872
14.09.2020,45.958261592352905,58.989351978189966,63.869162539786096,58.88771929285435,62.80673524942594
15.09.2020,46.03247639969127,59.00425496965089,64.20297349382679,59.25199634659815,62.84737614123763
16.09.2020,46.10372261473609,59.024125624932104,64.71438899392759,59.541417799447835,62.877480505542586
17.09.2020,46.17348453363415,59.04565216815343,65.061038830816,59.803866991246615,62.90909008806279
18.09.2020,46.4020661402363,59.06221104755445,65.25362207353179,60.09480373966096,62.94973097987448
19.09.2020,46.43917354390548,59.101952358116904,65.25362207353179,60.310278768955335,62.990371871686165
20.09.2020,46.45550080151992,59.12679067721843,65.25362207353179,60.39210472944687,63.01746579956063
21.09.2020,46.53416849729858,59.154940772200156,65.61311079326792,60.517268143087634,63.034023199928356
22.09.2020,46.65142789289319,59.17812320336159,66.12880592098463,60.83093432497185,63.08971627389251
23.09.2020,46.719705515644485,59.21124096216362,66.40698171601855,61.153692280244016,63.145409347856685
24.09.2020,46.79095173068931,59.249326384785974,66.58672607588662,61.42856689567299,63.20561807646659
25.09.2020,47.01508044885115,59.28244414358801,66.83066484999327,61.705865984005406,63.25679549578501
26.09.2020,47.07296799857508,59.31059423856974,66.83066484999327,61.94316126943086,63.30947813331868
27.09.2020,47.11304399453779,59.33874433355147,66.83066484999327,62.037715712665516,63.335066842977895
28.09.2020,47.23772487086623,59.3652385405931,67.2136915216169,62.1410588701752,63.35463467977611
29.09.2020,47.34607848958024,59.40497985115554,67.2136915216169,62.41441819003951,63.46301039127395
30.09.2020,47.464822181321615,59.436441722017484,68.0268207686391,62.696869283291775,63.56988088455654
01.10.2020,47.54942706168735,59.47618303257993,68.41626688168657,62.974471430737125,63.65868875925615
02.10.2020,47.751291337647686,59.51426845520227,68.65806584198528,63.22934414471262,63.7580331614625
03.10.2020,47.78839874131687,59.55897742958502,68.65806584198528,63.4372426961837,63.83178885400963
04.10.2020,47.83589621801342,59.58878341250685,68.65806584198528,63.54907150885547,63.881461055112815
05.10.2020,47.94128124443389,59.61527761954848,68.95549996129077,63.69514600128851,63.91006020120252
06.10.2020,48.070415009202634,59.66164248187134,69.51399136516653,63.907590439453564,64.02445678556134
07.10.2020,48.18915870094401,59.712975008014496,69.67661721457098,64.1861017642377,64.12982206062868
08.10.2020,48.29751231965802,59.74940454269674,69.94623375437308,64.48370581313657,64.24572386320276
09.10.2020,48.46078489580241,59.79576940501959,70.4619288820898,64.77858233001902,64.37667784792932
10.10.2020,48.51273526093926,59.84379015528255,70.4619288820898,64.97860134455388,64.49860052336437
11.10.2020,48.581012883690555,59.886843241725195,70.4619288820898,65.12012995029295,64.59643970735547
12.10.2020,48.72498960992697,59.95142287138917,70.87919257464067,65.24074747723972,64.67170061811787
13.10.2020,48.914979516713174,60.01931427693335,71.0503776792769,65.47622440798759,64.88694682289828
14.10.2020,49.07231490827049,60.09051745835773,71.49759876513913,65.77898046180626,65.09316171838721
15.10.2020,49.19848008074571,60.22795615738619,71.79717269825257,66.03506541223348,65.3008818320914
16.10.2020,49.46416909101704,60.31902999409179,72.27221136361817,66.32085015572798,65.50559150936509
17.10.2020,49.57252270973105,60.396856727276585,72.27221136361817,66.56935862833191,65.73137424165225
18.10.2020,49.69868788220626,60.511112995143606,72.27221136361817,66.70967499761925,65.83222386207385
19.10.2020,49.9183637119278,60.63199281477105,72.73655095994401,66.85817396295573,65.95264131929366
20.10.2020,50.33545092916939,60.77936684144012,73.2030303700778,67.14214035177265,66.31539890916835
21.10.2020,50.58481268182627,60.98966460983306,73.5368413241185,67.49793175035437,66.60289558828067
22.10.2020,50.81339428842843,61.21486536968692,73.86851246435124,67.75765341013675,66.88738183096248
23.10.2020,51.258683132458586,61.365551172236195,74.36280945398842,68.04555956742179,67.22455071117798
24.10.2020,51.460547408418925,61.61559025119158,74.36280945398842,68.33740549317493,67.48645868063107
25.10.2020,51.42937718933682,61.827543907524614,74.36280945398842,68.47620656689762,67.71374663113347
26.10.2020,52.00676839042926,62.06102410707899,74.95981750640736,68.63440342384791,67.86727888908875
27.10.2020,52.790476755922334,62.42697534184151,75.53114779313086,68.94079618702176,68.41969397408465
28.10.2020,53.17490945793505,62.76643236956239,75.89063651286698,69.25415930979305,68.88631162081145
29.10.2020,53.52075046013181,63.1257600525645,76.26082430164287,69.55812760006346,69.3077727210808
30.10.2020,54.332660452413464,63.45528175264478,76.77223980174368,69.8805824962227,69.72020251205868
31.10.2020,54.662174196995785,63.94708047085505,76.77223980174368,70.16273053036203,70.21090365022944
01.11.2020,55.00504660689901,64.29150516239625,76.77223980174368,70.31516926416661,70.45474900109956
02.11.2020,55.640325357715376,64.67732705243999,77.58322923495793,70.48397319006953,70.65945867837326
03.11.2020,57.53874012943063,65.26185549529596,78.0925049212508,70.96795859342132,71.25703030982659
04.11.2020,57.48827406044054,65.84472805021183,81.56542273155877,71.30738479990472,71.99759767172846
05.11.2020,58.01816778483643,66.55344808857544,82.35287421288554,71.66044866647005,72.5665701570921
06.11.2020,59.24864929050644,67.29197410986089,83.09538960424528,72.02836242956903,73.10092262350504
07.11.2020,59.69839102297691,67.99572648440419,83.09538960424528,72.36687945871364,73.72257774640234
08.11.2020,60.09915098260405,68.5438253925779,83.09538960424528,72.53750173929414,73.95739178798098
09.11.2020,60.930356824793684,69.1333214992542,84.1909742739173,72.76752360600922,74.25090933995429
10.11.2020,62.757525381464106,70.09373650451329,84.1909742739173,73.19665530992039,75.05168543046607
11.11.2020,63.24437451760375,71.12535469119676,85.81723276796173,73.6339696098807,75.9487954867537
12.11.2020,63.86035741851214,72.17849942110158,86.57900648359305,73.99885278185036,76.79623334193818
13.11.2020,65.24520572344595,73.08923778815762,87.23806913644262,74.36252371736829,77.3621953908713
14.11.2020,65.76916226325477,73.99004082757305,87.23806913644262,74.7786238794234,78.05760620631574
15.11.2020,66.21890399572523,74.8941556428687,87.23806913644262,75.01743446041351,78.31048286647736
16.11.2020,66.97737932672327,75.72872316468005,88.27373901949196,75.26412457833983,78.63259956454037
17.11.2020,68.79712640265986,76.93917724889454,89.20455802595157,75.78205260233996,79.53422527547374
18.11.2020,69.43685804191652,78.18606086779126,89.95563267254313,76.37059339965316,80.33048571133979
19.11.2020,70.05580953511846,79.2673556926778,90.49486575214733,76.9894401082595,81.08610525539414
20.11.2020,71.74939143857982,80.42482136280901,91.19672468115597,77.58010231936322,81.85527176338572
21.11.2020,72.12343406756516,81.57069581735954,91.19672468115597,78.07651314634519,82.36704595656994
22.11.2020,72.44107344297333,82.5013048396968,91.19672468115597,78.39805886516564,82.96762802445377
23.11.2020,73.19212729323755,83.544514241961,92.29230935082799,78.72324129334125,83.27920819501006
24.11.2020,74.69275069761919,84.95698665486792,93.44138936569884,79.37057555856317,84.19438086988066
25.11.2020,75.26865760256486,86.15253774762148,94.23098066083355,80.0533677399981,85.24050752947782
26.11.2020,75.75995962714481,87.51367763438523,94.95209791411378,80.47855967544115,85.99010620067118
27.11.2020,77.18339963189455,88.88309696084951,95.58120317365201,80.948907418711,86.7728196726
28.11.2020,77.49807041500921,90.01903608775942,95.58120317365201,81.36046169407214,87.49381919770364
29.11.2020,77.7919610520691,90.91487146335454,95.58120317365201,81.67897682176326,87.81744111398189
30.11.2020,78.39755387995012,92.02762815910302,96.43926851064123,82.07659037792953,88.12300041167718
01.12.2020,79.55085198598825,93.32750019208301,97.38506621375653,82.849997234131,89.03064699547156
02.12.2020,80.01246808763284,94.4601275431127,97.96923538332774,83.70765452372747,90.00602839895207
03.12.2020,80.49338003918542,96.10442426763389,98.51274809054786,84.60743703002143,90.62918874006462
04.12.2020,81.42848661164875,97.45231705087683,98.97066824544982,85.39902743299879,91.38781872054946
05.12.2020,81.7431573947634,98.54851486722428,98.97066824544982,86.12333871290534,91.98539035200281
06.12.2020,82.00142492430089,99.48243566544174,98.97066824544982,86.54853064834839,92.33309575972503
07.12.2020,82.54467731401769,100.35674449781555,99.81375488578338,87.02099980540878,92.61758200240683
08.12.2020,83.78851748500861,101.40657745184016,99.81375488578338,87.80380149411113,93.51920771334022
09.12.2020,84.22935344059847,102.232865533951,100.6119054361499,88.76783253234657,94.32148902206725
10.12.2020,84.66870510004156,103.70163813682139,101.30734492373468,89.67276704356038,95.09818162113507
11.12.2020,85.60084308021136,104.96176885923893,101.90649278996158,90.69740990438216,95.73639414440011
12.12.2020,85.88731223653744,106.03644013236506,101.90649278996158,91.46505863743792,96.51910761632891
13.12.2020,86.10995665855252,106.83788989537437,101.90649278996158,91.96783370579148,96.73585903932458
14.12.2020,86.66805200973698,107.65093087396441,102.73888036125534,92.46757818301569,97.0865748834773
15.12.2020,87.84213026182984,109.05181207129063,103.56912811874118,93.37281575334242,97.84821530039262
16.12.2020,88.27257614439233,110.17781587055991,103.98639181129204,94.50413542191613,98.76940884812424
17.12.2020,88.65997743869858,111.30878733364949,104.37369811053156,95.54968936153018,99.57018493863602
18.12.2020,89.5683666805201,112.42485580527817,104.6925303679166,96.44128927177499,100.30623664589214
19.12.2020,89.8488986522591,113.34056183615452,104.6925303679166,97.27591406878864,101.11152839104969
20.12.2020,90.0433414474856,113.9234343910704,104.6925303679166,97.81202563956465,101.60674518386615
21.12.2020,90.5687822834412,114.61062788621268,105.40722817977296,98.35662286550276,101.93036710014444
22.12.2020,91.7591877931485,115.65052551259667,105.96357976984078,99.35611181995122,102.9704728868806
23.12.2020,92.170337825803,116.56623154347302,106.34446662765643,100.38014856254713,104.09336567545539
24.12.2020,92.60226800451227,117.40245495322449,106.61408316745853,101.26568729053331,104.95886614922281
25.12.2020,92.83827109184824,118.16250751773124,106.61408316745853,101.72179125549539,105.81834575012925
26.12.2020,93.05497832927627,118.59469427009785,106.61408316745853,102.30154333853356,106.13745201176177
27.12.2020,93.31176156266699,119.09974009182893,106.61408316745853,102.73734234292921,106.65976273245272
28.12.2020,93.85798254467731,119.83661022517427,107.25174768222857,103.30618429790185,107.19712563529616
29.12.2020,95.29626551089474,120.92784037770143,107.93648810077359,104.40204605026256,107.88651557787962
30.12.2020,95.74749153951197,121.87997594326002,108.46502211133802,105.59397754142257,109.36313464703761
31.12.2020,96.12004987235053,122.79899375001656,108.78171455491508,106.60225521014605,110.81567022475166
01.01.2021,96.31746125987057,123.56401397834364,108.78171455491508,107.26716690391801,111.73987420891375
02.01.2021,96.54901145876626,124.16675718854071,108.78171455491508,108.05481753842726,112.41270675112949
03.01.2021,96.72118981179125,124.74135030375608,108.78171455491508,108.49031348371,113.0975810390672
04.01.2021,97.29264382829662,125.31759930691155,109.29740968263181,109.09037052731459,113.710204852673
05.01.2021,98.58101288369055,126.39227058003767,110.05062414303133,110.18259557032012,115.03028122744526
06.01.2021,98.9995843970789,127.29969717121352,110.05062414303133,111.37179952946374,116.6032342623791
07.01.2021,99.40925013358665,127.98523477841572,110.57487852597986,112.59252163635229,118.35831870135793
08.01.2021,100.28646915632606,129.01188530127888,111.00070147376253,113.8620362604228,120.35875370942215
09.01.2021,100.53583090898294,129.8116791763481,111.00070147376253,114.84879673212814,121.92117021684926
10.01.2021,100.75995962714481,130.4094547227249,111.00070147376253,115.48643310573625,122.77613416310997
11.01.2021,101.22306002493617,131.15129251989052,111.85876681075173,116.04315269619161,123.572394598976
12.01.2021,102.32440776583745,132.1713194909933,112.73181084439662,117.37327914284846,125.44488605874416
13.01.2021,102.66431158344714,133.01085467662497,113.14907453694751,118.59097065860767,127.80657343846782
14.01.2021,103.08585168912902,133.87522818135815,113.57917711234607,119.74017081484433,129.69261186217318
15.01.2021,104.02986403847297,134.66508672878675,114.08203335721508,120.89543215333964,131.62832248698174
16.01.2021,104.31633319479903,135.45163350033516,114.08203335721508,121.97947460029602,133.58360094858853
17.01.2021,104.5256189514932,136.07590325375355,114.08203335721508,122.58286529414286,134.61015977138746
18.01.2021,105.12527459478716,136.70017300717197,115.05564863983376,123.05715280588082,135.51630113696658
19.01.2021,106.09897286706644,137.69867343505342,115.92013341824685,123.78479773602963,137.9427128999459
20.01.2021,106.55910467256427,138.5663587156668,116.9130070251371,125.13098631567186,140.6912413609882
21.01.2021,107.07415543549249,139.4290763324599,117.77749180355019,126.38474186586993,142.64200416794924
22.01.2021,108.0374636347444,140.210655440188,118.63341732673146,127.52939613541261,144.7508148875113
23.01.2021,108.37885174850086,141.01872875495772,118.63341732673146,128.60707434099743,146.78436469631094
24.01.2021,108.63415068574481,141.5138392490482,118.63341732673146,129.17015817282436,147.70555824404255
25.01.2021,109.296146767203,142.209312183891,120.27465451743154,129.7065728027133,148.5996578638997
26.01.2021,110.20750460131805,143.1051475594861,121.52858540889211,130.91335419040698,151.06219486404493
27.01.2021,110.72700825268659,143.8784472275137,122.59207287144483,132.1643822085887,153.6602015035625
28.01.2021,111.2376061271745,144.69314409404382,123.6940769825407,133.3311597933754,155.52516687225437
29.01.2021,112.45621326367036,145.48300264147244,124.79180146602069,134.42186954081626,157.40518442309877
30.01.2021,112.81392863504125,146.18013146425534,124.79180146602069,135.30104402743086,159.21596193604177
31.01.2021,113.10336638366088,146.57257690605948,124.79180146602069,135.894130711438,160.10554590125315
01.02.2021,113.78020542658672,147.117364038353,126.422339587681,136.4326667551175,160.718169714859
02.02.2021,114.8578044291397,147.94365212046387,127.97156478463907,137.5033746011049,162.90073612696818
03.02.2021,115.38918244968237,148.73185477995236,129.18055958613263,138.69045714645802,164.89063460752564
04.02.2021,115.38918244968237,149.42898360273526,130.1049591511684,139.8675387410844,166.26941449269253
05.02.2021,116.8853529656237,150.05325335615368,131.35461041501304,140.98097792199513,167.79721098116897
06.02.2021,117.16885352965625,150.69077021309292,131.35461041501304,141.81045071408894,169.04353166339408
07.02.2021,117.42266817075344,151.13785995692044,131.35461041501304,142.25806902388894,169.6094937123272
08.02.2021,118.10544439826636,151.64621755453172,133.29970116644247,142.6978077967527,170.1107313780047
09.02.2021,119.1800748085258,152.3450022652547,134.9387985433346,143.6266839778881,171.6942209404453
10.02.2021,119.61942646796888,152.90138061312894,136.31469882184848,144.65920637564608,173.20244959212351
11.02.2021,120.1537730808051,153.54883279770877,137.41242330532845,145.62626800501087,174.22599797849193
12.02.2021,121.11114409546994,154.07209338678098,138.54652462354363,146.50029048670564,175.36845860386495
13.02.2021,121.4065190286766,154.58707453615267,138.54652462354363,147.1961142099966,176.30319911553377
14.02.2021,121.65439648518672,154.9530257709152,138.54652462354363,147.55917902728868,176.6945558514982
15.02.2021,122.26592649765482,155.38024485946147,140.04867391672676,147.84678212546078,177.0452716956509
16.02.2021,123.13720833580716,155.9366232073357,141.18277523494194,148.34501130712036,178.24794104963382
17.02.2021,123.597340141305,156.54764585723333,141.90389248822214,149.08629389735106,179.3602973107019
18.02.2021,123.9995843970789,157.12223897244868,142.73414024570798,149.8763690047638,180.04517159863957
19.02.2021,124.84860179302974,157.69848797560414,143.5836463274654,150.64462385604543,180.84745290736663
20.02.2021,125.08163628807219,158.11411584856972,143.5836463274654,151.23043712134222,181.5187802313671
21.02.2021,125.31763937540818,158.49828185067335,143.5836463274654,151.6022906529093,181.84541258407586
22.02.2021,125.81339428842844,158.95199514626125,144.72844671472032,151.96626464754019,182.11334142638995
23.02.2021,126.45312592768511,159.54149125293756,145.67638423164357,152.65602718857252,182.9382010083457
24.02.2021,126.86576025648637,160.06806361788995,146.50877180293736,153.6452121331813,183.60350745948517
25.02.2021,127.25316155079263,160.57807710344133,147.2470075666812,154.38164577760512,184.09119816122544
26.02.2021,128.05319717390014,160.9970167522871,147.95100630949779,155.03473816597273,184.61200366370113
27.02.2021,128.32779196105207,161.46066537551565,147.95100630949779,155.4956910767417,185.05002216433823
28.02.2021,128.50887609095767,161.7785958600152,147.95100630949779,155.83117751475703,185.2667735873339
01.03.2021,129.06548714599538,162.18594429328027,148.95029935781193,156.2309124847138,185.42331628171965
02.03.2021,129.68592293534405,162.7539138567352,149.36114360893893,156.81672575001062,185.93960612954962
03.03.2021,130.16386629460308,163.3285069719506,150.31550056728602,157.5989213204871,186.67264740037524
04.03.2021,130.5987650656059,163.88985298364514,150.85901327450614,158.1904927089296,187.0369102084652
05.03.2021,131.2503710740367,164.3816517018554,152.2220746701723,158.71266356051078,187.39214170726365
06.03.2021,131.5027014189871,164.89000929946667,152.2220746701723,159.17664706240907,187.63147140348806
07.03.2021,131.69565991806687,165.23277810306777,152.2220746701723,159.39212209170344,187.75489929713834
08.03.2021,132.23000653090304,165.75935046802016,152.85973918494236,159.60577876632024,187.85273848112948
09.03.2021,132.77622751291338,166.38196433349847,153.4824250030567,160.14643622379023,188.20044388885168
10.03.2021,133.26752953749332,166.9317191296123,153.98314143411775,160.62284514931872,188.48643534974875
11.03.2021,133.66086801638664,167.5493653312703,154.24847834630395,161.09986019307308,188.75887984670857
12.03.2021,133.99186605711571,168.17860274850904,154.61866613507985,161.5335377836782,189.02379825259217
13.03.2021,134.24271210591937,168.70351922552135,154.61866613507985,161.83568771927105,189.2074348748524
14.03.2021,134.45199786261355,169.14067364170825,154.61866613507985,161.99691516735066,189.28570622204526
15.03.2021,134.94626847948703,169.72685797250432,154.97387522720007,162.2090565464028,189.38204018782113
16.03.2021,135.55186130736803,170.55811371843546,155.2755889741215,162.59121408780953,189.54761419149838
17.03.2021,135.90957667873894,171.27180142061937,155.7634665223348,162.9600370282473,189.75984995984828
18.03.2021,136.30736804607255,171.97224201928248,156.01382473786532,163.45947844635862,189.90284569029686
19.03.2021,136.7303924479012,172.6114147641618,156.01382473786532,163.77647827848506,190.05336751182162
20.03.2021,136.99162856973223,173.2754258281427,156.01382473786532,164.01074297278123,190.19786846048538
21.03.2021,137.19794573413287,173.77219221017324,156.01382473786532,164.25015967199718,190.24904587980382
22.03.2021,137.70705931247403,174.4113649550526,157.36832687829968,164.41169017918975,190.27613980767828
23.03.2021,138.13305230659623,175.32375921004873,157.79842945369828,164.6980810409101,190.444724247786
24.03.2021,138.49818915870094,176.0854676624956,157.79842945369828,165.16327677926012,190.5922356328803
25.03.2021,138.83364008787032,176.84717611494247,159.2449435878746,165.57483105462126,190.6870643804409
26.03.2021,140.16505373152052,177.60391690356903,160.50743373456694,165.92880409852538,190.7939348737235
27.03.2021,140.44855429555304,178.23315432080776,160.50743373456694,166.1754942164517,190.88123753020784
28.03.2021,140.64299709077957,178.72495303901803,160.50743373456694,166.31187081727094,190.91284711272806
29.03.2021,141.17734370361575,179.4154583100405,160.9118585442701,166.5100714771282,190.94746713167876
30.03.2021,141.74286053553405,180.29142303035442,161.13867880791315,166.79040115658995,191.03025413351736
31.03.2021,142.19260226800452,181.064722698382,161.46821013433794,167.12406923992765,191.094978516773
01.04.2021,142.64976548120882,181.89432255637303,161.6436748665901,167.46440462374986,191.17174464575066
02.04.2021,143.14255180193553,182.69080465556206,161.6436748665901,167.73746088450122,191.25001599294353
03.04.2021,143.41863088523422,183.31341852104038,161.97962563443875,167.9711194605715,191.26506817509602
04.04.2021,143.69322567238615,183.8532379895136,161.97962563443875,168.0629463717898,191.28012035724848
05.04.2021,143.9856320132993,184.34338081978373,162.16150980811477,168.20144438639954,191.32226646727543
06.04.2021,144.61794217182214,185.04050964256666,162.43540597553277,168.46328745997243,191.3523708315804
07.04.2021,145.24283084961112,186.07875138101053,162.7050225153349,169.24942279891704,191.42010565126654
08.04.2021,145.75194442795228,186.88516880784016,163.0088760760642,169.5655134537047,191.49988221667465
09.04.2021,146.24324645253222,188.07409634883334,163.32770833344924,169.8412972464725,191.59019530958952
10.04.2021,146.55049575491302,188.64372180022838,163.32770833344924,170.06071204423498,191.65040403819944
11.04.2021,146.81173187674406,189.1918207084021,163.32770833344924,170.1470838914205,191.66094056570617
12.04.2021,147.38318589324942,189.7846285909586,163.74925165361603,170.28406661046557,191.68351883893487
13.04.2021,147.89526806388412,190.57283125044708,163.96323303441133,170.54984945250658,191.71813885788558
14.04.2021,148.33610401947396,191.34944269435488,164.24354864325318,170.8335127822106,191.77533715006498
15.04.2021,148.77545567891704,191.9786801115936,164.5131651830553,171.10778127941367,191.82199891473766
16.04.2021,149.266757703497,192.6890560378973,164.72500675004267,171.3687151756478,191.87317633405607
17.04.2021,149.547289675236,193.2023812993289,164.72500675004267,171.5832810276034,191.92736418980502
18.04.2021,149.7550911357834,193.61800917229448,164.72500675004267,171.6829874757579,191.94241637195748
19.04.2021,150.41857151338834,194.14126976136666,164.983924220805,171.8357292686754,191.95144768124896
20.04.2021,150.99447841833404,194.78706605800642,164.983924220805,172.0924203373285,192.00111988235213
21.04.2021,151.45906311227216,195.38980926820352,165.54455543848871,172.3618398887247,192.03122424665708
22.04.2021,151.87911892180728,195.9859289266402,165.82701086113855,172.64823075044507,192.06132861096205
23.04.2021,152.37190524253398,196.55224260215505,166.0302931728941,172.87916179449897,192.12304255778722
24.04.2021,152.6939975063825,197.08543851886785,166.0302931728941,173.11069895677872,192.17120954067514
25.04.2021,152.90922044766373,197.44476620186998,166.0302931728941,173.1997983359806,192.18776694104287
26.04.2021,153.49997031407707,197.94318847184064,166.3448458026632,173.34314529639724,192.1983034685496
27.04.2021,154.0150210770053,198.56083467349865,166.59520401819373,173.548013256739,192.2238921782088
28.04.2021,154.48257436323695,199.13046012489372,166.7835076332936,173.84955707410597,192.26754350645098
29.04.2021,154.93676898414773,199.60735585164304,167.0766621249832,174.1201888619539,192.30517396183217
30.04.2021,155.37018345900375,200.04285437988986,167.36767680286482,174.36506062520266,192.32925745327614
01.05.2021,155.65516831918305,200.4170850543529,167.36767680286482,174.5908396643367,192.3397939807829
02.05.2021,155.8243780799145,200.65553291772756,167.36767680286482,174.68812163958773,192.36086703579633
03.05.2021,156.2859941815591,201.0794402303936,167.5324424660772,174.8314686000044,192.3623722540116
04.05.2021,156.66745829127828,201.58448605212467,167.75926272972026,175.10785851099803,192.3714035633031
05.05.2021,157.02962655108945,202.0266081321319,168.11661163564844,175.35424556981144,192.41204445511477
06.05.2021,157.3546874072315,202.4538272206782,168.4589818449209,175.60487545620586,192.43161229191298
07.05.2021,157.72724574007006,202.7965960242793,168.60020955624583,175.8545961652615,192.45419056514172
08.05.2021,157.98848186190108,203.16751492286213,168.60020955624583,176.0470387019731,192.46171665621793
09.05.2021,158.1591759187793,203.3976833465363,168.60020955624583,176.11946982996375,192.46472709264845
10.05.2021,158.59259039363533,203.72554915867647,168.820610378465,176.24039041602347,192.4722531837247
11.05.2021,158.9651487264739,204.14117703164203,169.25927220909543,176.45253179507557,192.50235754802964
12.05.2021,159.23825921747908,204.57501967194872,169.49037210035436,176.694372967195,192.51891494839734
13.05.2021,159.4327020127056,204.90785314790924,169.64657850833493,176.933789666411,192.5354723487651
14.05.2021,159.68948524609632,205.2092247530078,169.7706877091962,177.12532302578379,192.56256627663953
15.05.2021,159.85572641453425,205.43442551286162,169.7706877091962,177.2856412965246,192.5731028041463
16.05.2021,159.9759544024224,205.58842309129108,169.7706877091962,177.36564890233853,192.57912367700726
17.05.2021,160.26687644718876,205.82024740290538,169.96969039333587,177.4850541928336,192.5866497680835
18.05.2021,160.60529596865166,206.15308087886584,170.11947735989258,177.72144030092025,192.59718629559023
19.05.2021,160.81458172534585,206.399808181941,170.2607050712175,177.92873273416546,192.60170195023596
20.05.2021,161.01199311286587,206.6713738041177,170.33131892687996,178.1360251674107,192.61223847774272
21.05.2021,161.19456153891824,207.03235737505995,170.37197538923107,178.32846770412226,192.62578544167994
22.05.2021,161.32666389598054,207.2393433675727,170.37197538923107,178.47514831478117,192.63481675097142
23.05.2021,161.432048922401,207.35856729926002,170.37197538923107,178.5327295462382,192.64234284204767
24.05.2021,161.52407528350057,207.54071497267125,170.5666984457548,178.66546943770223,192.6468584966934
25.05.2021,161.85210473193612,207.81559237072815,170.7592816884706,178.8618517428819,192.66943676992213
26.05.2021,162.06732767321736,208.01595481148047,170.87483163410008,179.15794049621607,192.68298373385934
27.05.2021,162.27809772605832,208.2991116492379,170.9454454897625,179.5685855942384,192.69803591601183
28.05.2021,162.4636347444042,208.50775352969075,170.9818223244977,179.7322375152215,192.71308809816432
29.05.2021,162.56456688238438,208.6451922287192,170.9818223244977,179.83830820474756,192.72362462567105
30.05.2021,162.62987591284212,208.71805129808368,170.9818223244977,179.88346401257436,192.73265593496254
31.05.2021,162.8168972273348,208.85383410917206,171.08453338727946,179.93255958886928,192.73566637139302
01.06.2021,163.0157929110016,209.0078316876015,171.14872780151805,180.12621436203258,192.73566637139302
02.06.2021,163.15828534109127,209.11049673988782,171.28995551284297,180.297139701726,192.753728989976
03.06.2021,163.26218607136497,209.20819412835385,171.28995551284297,180.49079447488933,192.78082291785046
04.06.2021,163.39280413228047,209.32907394798127,171.60236832880412,180.65050662740427,192.7973803182182
05.06.2021,163.4774090126462,209.42345956056707,171.60450814261208,180.82658397201754,192.8169481550164
06.06.2021,163.52490648934275,209.50790984551227,171.60450814261208,180.8762856665383,192.82296902787738
07.06.2021,163.61990144273585,209.61554256161892,171.6901006949302,180.96902175509538,192.82447424609265
08.06.2021,163.7312236537434,209.78444313150928,171.8463071029108,181.06933432147576,192.8455473011061
09.06.2021,163.82770290328327,209.91194650289714,171.89552282049374,181.21480269568292,192.8545786103976
10.06.2021,163.92863504126342,210.0576646416261,172.1801180569515,181.34148140488833,192.86511513790433
11.06.2021,164.0384729561242,210.1719209094931,172.2571513540378,181.5048302667585,192.89070384756354
12.06.2021,164.0889390251143,210.25802708237845,172.2571513540378,181.58847458192758,192.90876646614652
13.06.2021,164.11268776346256,210.30108016882107,172.2571513540378,181.6199927296725,192.9208082118685
14.06.2021,164.20619842070892,210.36069213466476,172.29138837496504,181.67454337000018,192.92532386651425
15.06.2021,164.32494211245026,210.46501307489117,172.42405683105815,181.77576511371933,192.94037604866674
16.06.2021,164.39025114290803,210.55111924777646,172.50109012814445,181.89183675397214,192.95392301260395
17.06.2021,164.473371727127,210.61238710156027,172.5417465904956,181.98790649277146,192.98252215869366
18.06.2021,164.57430386510717,210.6703431794638,172.58026323903871,182.17398478811148,192.99907955906136
19.06.2021,164.60695838033604,210.71670804178663,172.58026323903871,182.22823236932624,193.02015261407485
20.06.2021,164.62922282253757,210.7448581367684,172.58026323903871,182.25035568457025,193.02918392336633
21.06.2021,164.68859466840823,210.77963178351052,172.659436349933,182.32854493570662,193.03671001444258
22.06.2021,164.76429377189336,210.8309643096537,172.7236307641716,182.4349186843456,193.07735090625425
23.06.2021,164.81327554473668,210.88064094785673,172.78568536460224,182.5558392704053,193.10595005234396
24.06.2021,164.87858457519445,210.89719982725777,172.8242020131454,182.65887936880205,193.13755963486417
25.06.2021,164.92756634803777,210.9899295519035,172.8520195926488,182.8173792848653,193.1646535627386
26.06.2021,164.94537790179896,211.05616506950756,172.8520195926488,182.86586874293434,193.19927358168934
27.06.2021,164.97209523244078,211.079347500669,172.8520195926488,182.88799205817836,193.21583098205704
28.06.2021,165.03740426289855,211.12571236299183,172.87341773072833,182.9322386886664,193.22034663670277
29.06.2021,165.10419758950306,211.1952596564761,172.95901028304644,183.03436960972434,193.25496665565348
30.06.2021,165.14130499317224,211.23500096703853,173.0574417182123,183.12377204803917,193.27603971066696
01.07.2021,165.18434958142848,211.2697746137807,173.07456022867592,183.21044695433758,193.3091545114024
02.07.2021,165.2199726889509,211.31613947610356,173.13447501529862,183.34227766846286,193.3497954032141
03.07.2021,165.24520572344593,211.35256901078577,173.13447501529862,183.36955298862668,193.37688933108856
04.07.2021,165.26153298106038,211.372439666067,173.13447501529862,183.38197841225687,193.39946760431727
05.07.2021,165.31645193849076,211.42377219221018,173.18369073288153,183.4195577422604,193.4130145682545
06.07.2021,165.36840230362762,211.4635135027726,173.22220738142468,183.5104754761399,193.46870764221865
07.07.2021,165.4099625957371,211.48669593393404,173.25858421615987,183.60775745139094,193.51837984332184
08.07.2021,165.4470699994063,211.50822247715536,173.31849900278257,183.68291611139796,193.57256769907076
09.07.2021,165.47378733004808,211.5496196756579,173.3313378856303,183.82292942157238,193.6177242455282
10.07.2021,165.50198895683667,211.56949033093912,173.3313378856303,183.84899250528449,193.6689016648466
11.07.2021,165.50941043757052,211.58108154651984,173.3313378856303,183.8835412441587,193.70803733844303
12.07.2021,165.55097072968,211.60260808974115,173.36771472036548,183.9535478992459,193.71706864773452
13.07.2021,165.6311227216054,211.6357258485432,173.3955322998689,184.06234612078836,193.79232955849693
14.07.2021,165.640028498486,211.67381127116556,173.41693043794842,184.16296174628164,193.8675904692593
15.07.2021,165.6637772368343,211.68871426262646,173.50466280407448,184.26175901709735,193.96844008968088
16.07.2021,165.69643175206318,211.7069290299676,173.53034056976992,184.37025417952685,194.04219578222805
17.07.2021,165.72018049041145,211.72845557318894,173.53034056976992,184.39298361299674,194.11294103834467
18.07.2021,165.72760197114528,211.73342323700922,173.53034056976992,184.44692813509855,194.15508714837162
19.07.2021,165.75728789408063,211.74501445258994,173.57955628735286,184.50360018921677,194.18368629446132
20.07.2021,165.80626966692395,211.76157333199097,173.64161088778351,184.5920934501928,194.3372185524166
21.07.2021,165.83892418215282,211.7963469787331,173.68012753632667,184.69877025794474,194.4470994821297
22.07.2021,165.85673573591401,211.82118529783463,173.74004232294934,184.78786963714663,194.5735378122105
23.07.2021,165.91165469334442,211.84933539281636,173.79781729576408,184.95758274038832,194.66987177798632
24.07.2021,165.9443092085733,211.85761483251687,173.79781729576408,184.994555952166,194.80233098092813
25.07.2021,165.95321498545388,211.8692060480976,173.79781729576408,185.02092209499102,194.84447709095508
26.07.2021,166.0214926082052,211.90563558277984,173.89838854473788,185.09971746435326,194.86555014596854
27.07.2021,166.06453719646143,211.94537689334229,174.01607830417532,185.2360940651725,195.06273373216598
28.07.2021,166.1298462269192,211.97021521244378,174.17228471215589,185.35155958719943,195.25389644550245
29.07.2021,166.17289081517544,212.00167708330574,174.2707161473217,185.45065991712806,195.39087130309
30.07.2021,166.2664014724218,212.0314830662276,174.36486795487167,185.71523052271735,195.49322614172684
31.07.2021,166.33171050287953,212.05797727326922,174.36486795487167,185.76341692167347,195.60009663500944
01.08.2021,166.35842783352135,212.0662567129697,174.36486795487167,185.82887769006672,195.69793581900052
02.08.2021,166.44303271388708,212.09937447177174,174.7008187227203,185.93555449781863,195.73556627438174
03.08.2021,166.53209048269312,212.1440834461545,174.97899451775422,186.1125410197707,195.94479160630115
04.08.2021,166.6048209938847,212.17885709289664,175.1309212981189,186.27407152696324,196.12692301034613
05.08.2021,166.68348868966336,212.2235660672794,175.31708509941083,186.42681331988078,196.26239264971844
06.08.2021,166.78145223535,212.26330737784184,175.4775711350073,186.77654353620386,196.40237794373647
07.08.2021,166.82894971204655,212.29973691252408,175.4775711350073,186.85291443266263,196.55892063812223
08.08.2021,166.87496289259633,212.3179516798652,175.4775711350073,186.88867540798856,196.62665545780834
09.08.2021,166.99964376892476,212.35438121454743,175.73220897815375,187.0395988462285,196.6823485317725
10.08.2021,167.11838746066616,212.4057137406906,175.95046998656497,187.30174497891434,196.90211039119868
11.08.2021,167.21189811791248,212.45704626683377,176.1494726707046,187.53782802788805,197.06467395844544
12.08.2021,167.33064180965386,212.5067229050368,176.33563647199654,187.84452385017485,197.20616447067874
13.08.2021,167.47016564745,212.58123786234137,176.47044474189758,188.16455427343064,197.3566862922035
14.08.2021,167.54883334322864,212.63753805230488,176.47044474189758,188.24395576101873,197.499682022652
15.08.2021,167.61414237368638,212.6689999231668,176.47044474189758,188.30002169691107,197.58848989735165
16.08.2021,167.80710087276614,212.70874123372926,176.73792146789174,188.61429399702115,197.62913078916336
17.08.2021,167.99115359496525,212.79815918249471,177.04605465623698,188.92614182422778,197.88501788575545
18.08.2021,168.1885649824853,212.91241545036178,177.35418784458224,189.28223628192242,198.05209710764797
19.08.2021,168.39488214688595,213.0034892870674,177.61310531534457,189.82198456205364,198.22218676597095
20.08.2021,168.53885887312236,213.08462779613237,177.8955607379944,190.27020899007948,198.3952868607244
21.08.2021,168.70510004156029,213.15914275343695,177.8955607379944,190.43749762041773,198.55182955511017
22.08.2021,168.87579409843852,213.1972281760593,177.8955607379944,190.49174520163248,198.62558524765728
23.08.2021,169.11773437036157,213.27008724542378,178.325663313393,190.9042086543324,198.68729919448248
24.08.2021,169.37600189989905,213.36944052182992,178.73222793690408,191.33515871292116,198.94920716393557
25.08.2021,169.56599180668528,213.4671379102959,179.08101758760043,191.78671679118926,199.17498989622274
26.08.2021,169.77230897108592,213.5383410917203,179.44692574876044,192.45981108101037,199.38722566457267
27.08.2021,169.95190880484475,213.6128560490249,179.7443598680659,192.98198193259154,199.5392527043127
28.08.2021,170.0617467197055,213.70227399779037,179.7443598680659,193.17381835107724,199.74095194515584
29.08.2021,170.14041441548417,213.76354185157416,179.7443598680659,193.26140243471448,199.83277025628598
30.08.2021,170.364543133646,213.85130391239954,180.0567726840271,193.78660387742497,199.90502073061788
31.08.2021,170.58421896336756,213.9754955079072,180.47189656277,194.2239181773853,199.98178685959553
01.09.2021,170.74007005877814,214.0897517757742,180.75435198541985,194.84034041308817,200.2933670301518
02.09.2021,170.9270913732708,214.19241682806054,181.11384070515595,195.7352739735752,200.56129587246585
03.09.2021,171.09333254170872,214.28845832858644,181.4455118453887,196.3319973669376,200.74342727651086
04.09.2021,171.2165291218904,214.38118805323217,181.4455118453887,196.52443990364915,200.92405346234057
05.09.2021,171.289259633082,214.46232656229716,181.4455118453887,196.64445131237005,201.02640830097744
06.09.2021,171.52971560885828,214.54843273518244,181.73010708184648,196.8259837210161,201.09414312066355
07.09.2021,171.70337825803006,214.66600077892969,182.025401387344,197.45634667591386,201.41023894586556
08.09.2021,171.9497714183934,214.7802570467967,182.1987263057882,198.147018394285,201.69924084319314
09.09.2021,172.09077955233627,214.87795443526272,182.3506530861529,199.1422645211524,201.95061228513953
10.09.2021,172.25108353618714,214.98061948754906,182.5047196803255,199.87869816557622,202.17187936278094
11.09.2021,172.31936115893845,215.07500510013483,182.5047196803255,200.119024042131,202.40669340435957
12.09.2021,172.36240574719469,215.13130529009834,182.5047196803255,200.22085190407603,202.49098562441344
13.09.2021,172.54200558095351,215.190917255942,182.72512050254468,200.87424735155656,202.58280393554355
14.09.2021,172.85222347562785,215.3101411876293,183.05679164277743,201.4585453212887,202.86427974179486
15.09.2021,172.87597221397613,215.4310210072568,183.2493748854932,202.29680682765755,203.16682860305968
16.09.2021,172.93682835599358,215.54196549924356,183.46549608009647,203.34569441751387,203.40615829928404
17.09.2021,173.09564804369768,215.6512541032903,183.5596478876464,204.08697700774457,203.6786027962439
18.09.2021,173.16095707415542,215.73570438823552,183.5596478876464,204.37912599261062,203.92545858354453
19.09.2021,173.21142314314554,215.77875747467814,183.5596478876464,204.48428750479792,204.01878211288985
20.09.2021,173.31383957727246,215.85161654404266,183.8121459169849,205.17708063695957,204.09404302365223
21.09.2021,173.5157038532328,215.96256103602946,183.98761064923704,205.8907848479135,204.4011075395628
22.09.2021,173.63444754497417,216.07350552801628,184.2058716576483,206.7532910833169,204.65398419972442
23.09.2021,173.7546755328623,216.1778264682427,184.4198530384436,207.74338520526447,204.94750175169767
24.09.2021,173.88084070533753,216.263932641128,184.51400484599353,208.49618404178656,205.21844103044228
25.09.2021,173.89568366680518,216.3467270381331,184.51400484599353,208.73560074100254,205.41261418020926
26.09.2021,173.93279107047437,216.4195861074976,184.51400484599353,208.90198019400202,205.5089481459851
27.09.2021,174.07973638900435,216.49410106480215,184.66165199874231,209.60022839019643,205.56915687459502
28.09.2021,174.17918423083773,216.6017337809088,184.79004082721949,210.37636277841432,205.83558049869387
29.09.2021,174.266757703497,216.70605472113525,184.8734935657297,211.16825624050463,206.0764154131335
30.09.2021,174.36620554533042,216.79050500608045,184.9120102142728,212.01621563848727,206.28263030862243
01.10.2021,174.4567476102832,216.87661117896573,185.01472127705458,212.66354990370917,206.4752982401741
02.10.2021,174.5205723445942,216.91800837746825,185.01472127705458,212.90417883937687,206.66194529886482
03.10.2021,174.54580537908924,216.9726526794916,185.01472127705458,213.05540533672973,206.72666968212047
04.10.2021,174.6378317401888,217.03392053327542,185.15166936076358,213.6494011980757,206.7868784107304
05.10.2021,174.74321676660927,217.1167149302805,185.3528118587112,214.22733492643627,207.03674463446154
06.10.2021,174.8500860891765,217.18129455994446,185.47478124576452,215.02468345255937,207.25951693031817
07.10.2021,174.9183637119278,217.24918596548864,185.52399696334743,215.77627005262977,207.44616398900888
08.10.2021,174.9910942231194,217.2988626036917,185.68876262655982,216.33208046574634,207.6358214841301
09.10.2021,175.02078014605473,217.3750334489364,185.68876262655982,216.46027447051642,207.87214074392398
10.10.2021,175.03859169981595,217.41974242331912,185.68876262655982,216.60210613536842,207.9293390361034
11.10.2021,175.09647924953987,217.4760426132826,185.79361350314952,216.93607727781904,207.97148514613036
12.10.2021,175.18702131449265,217.55718112234757,185.79361350314952,217.64917537054714,208.2484452977359
13.10.2021,175.26568901027133,217.6184489761314,185.88348568308356,218.62714712797742,208.45315497500962
14.10.2021,175.3117021908211,217.68468449373546,185.9861967458653,219.2766028069899,208.69398988944926
15.10.2021,175.37404262898534,217.7542317872197,186.10816613291863,219.83029180631596,208.91224653066016
16.10.2021,175.40372855192066,217.77741421838115,186.10816613291863,219.98970089971795,209.13501882651684
17.10.2021,175.41857151338834,217.8171555289436,186.10816613291863,220.1272897369889,209.22081626478595
18.10.2021,175.49130202457994,217.89001459830808,186.22799570616402,220.65582482994165,209.28855108447206
19.10.2021,175.55067387045065,218.00592675411522,186.27293179613102,221.30376521338943,209.62421474647235
20.10.2021,175.59223416256012,218.06057105613857,186.3392660241776,222.27446355210938,209.89364880700168
21.10.2021,175.65012171228403,218.12018302198223,186.38206230033666,222.87694506861743,210.0712645564009
22.10.2021,175.70058778127412,218.18476265164622,186.44625671457524,223.45184820584868,210.34370905336073
23.10.2021,175.73472659264976,218.2493422813102,186.44625671457524,223.61550012683176,210.54691351241917
24.10.2021,175.74808525797067,218.28908359187264,186.44625671457524,223.6894465503871,210.655289223917
25.10.2021,175.81784717686872,218.33876023007568,186.56180666020472,224.11797213607235,210.7154979525269
26.10.2021,175.8742504304459,218.4182428512006,186.67307697821826,224.60832178079573,211.11137034313708
27.10.2021,175.93362227631658,218.50103724820568,186.7822074824239,225.2380786174676,211.42596095012385
28.10.2021,175.97963545686636,218.58383164521078,186.85282133808636,225.79661656260058,211.67582717385494
29.10.2021,176.0226800451226,218.63847594723413,186.9512527732522,226.32303024176275,211.95730298010628
30.10.2021,176.05533456035147,218.6997438010179,186.9512527732522,226.43334375886985,212.20716920383742
31.10.2021,176.07463041025946,218.74279688746057,186.9512527732522,226.5039565321829,212.31855535176572
01.11.2021,176.08502048328683,218.7759146462626,186.9512527732522,226.88278042334747,212.3832797350214
02.11.2021,176.21563854420233,218.84380605180675,187.06894253268962,227.27221138346457,212.82280345387372
03.11.2021,176.27204179777948,218.94812699203317,187.1523952711998,227.86832865860106,213.14943580658246
04.11.2021,176.3403194205308,219.0458243804992,187.1844924783191,228.23472712613537,213.4790785957217
05.11.2021,176.37891112034674,219.1302746654444,187.2422674511338,228.87812162288918,213.76958571126454
06.11.2021,176.4160185240159,219.18160719158757,187.2422674511338,229.01783187395066,214.0028945346279
07.11.2021,176.43234578163035,219.2246602780302,187.2422674511338,229.07450392806888,214.09621806397328
08.11.2021,176.51843495814285,219.27764869211344,187.3578173967633,229.4430238093937,214.18201550224242
09.11.2021,176.58671258089413,219.3902490720404,187.3578173967633,229.89367271032302,214.57788789285254
10.11.2021,176.63569435373745,219.4896023484465,187.48406641143254,230.40402425649984,214.90301502734604
11.11.2021,176.66241168437926,219.60054684043337,187.54826082567112,230.664655093621,215.20255345218035
12.11.2021,176.7336578994241,219.71314722036027,187.6038959846779,231.41957534393367,215.42081009339125
13.11.2021,176.75740663777236,219.80090928118565,187.6038959846779,231.5883792698366,215.65863457140043
14.11.2021,176.7826396722674,219.86052124702934,187.6038959846779,231.6459605012936,215.75346331896102
15.11.2021,176.89396188327495,219.9333803163938,187.69590797841988,232.0314516929426,215.82420857507765
16.11.2021,176.96520809831978,220.05591602396137,187.75796257885054,232.43755090427095,216.14632527314066
17.11.2021,177.04832868253874,220.1751399556487,187.82215699308912,232.9479024504478,216.44887413440543
18.11.2021,177.12551208217064,220.28939622351575,187.88421159351978,233.35006189330807,216.749917777455
19.11.2021,177.199726889509,220.36887884464065,187.8970504763675,233.89768971037546,216.98924747367937
20.11.2021,177.2353499970314,220.45001735370562,187.8970504763675,234.03406631119472,217.21503020596654
21.11.2021,177.26058303152644,220.5261881989503,187.8970504763675,234.09437507466808,217.30684851709665
22.11.2021,177.40455975776288,220.64210035475742,187.94412638014245,234.4695622564774,217.3745833367828
23.11.2021,177.5292406340913,220.77953905378587,188.01688004961287,234.88717771409716,217.62294434229867
24.11.2021,177.64946862197945,220.92028952869455,188.09819297431508,235.41813727995338,217.84722185637057
25.11.2021,177.75633794454671,221.0378575724418,188.15596794712982,235.55996894480538,218.06999415222725
26.11.2021,177.84539571335273,221.12230785738697,188.20732347852072,235.6714946983642,218.31082906666688
27.11.2021,177.89289319004928,221.27133777199614,188.20732347852072,235.76574608248592,218.50801265286432
28.11.2021,177.92406340913138,221.34916450518094,188.20732347852072,235.83423744200846,218.58477878184192
29.11.2021,178.11108472362406,221.45679722128756,188.32073361034222,236.41732317528889,218.63746141937563
30.11.2021,178.2817787805023,221.60417124795663,188.41488541789215,236.88039749984839,218.87829633381526
01.12.2021,178.42427121059194,221.77472770578714,188.47480020451485,237.52045834635996,219.1386990850531
02.12.2021,178.57715371370895,221.89395163747446,188.5646723844489,238.70451030058376,219.3524400716183
03.12.2021,178.76862791664192,222.016487345042,188.64384549534316,239.20031500933987,219.57220193104445
04.12.2021,178.83987413168674,222.14067894054966,188.64384549534316,239.40245543766525,219.7633646443809
05.12.2021,178.88143442379624,222.211882121974,188.64384549534316,239.50610165428785,219.8446464280043
06.12.2021,179.17087217241584,222.36422381246342,188.64384549534316,239.9155345158585,219.91238124769043
07.12.2021,179.4261711096598,222.52815671853352,188.81075097236348,240.431644185181,220.183320526435
08.12.2021,179.6250667933266,222.67056308138226,188.81075097236348,240.9838178889424,220.42716587730516
09.12.2021,179.82693106928693,222.8013782286503,188.99049533223155,241.44810444995363,220.6499381731618
10.12.2021,180.04660689900848,222.99677300558233,189.1167443469008,242.004824040409,220.83357479542204
11.12.2021,180.1460547408419,223.15573824783212,189.11888416070875,242.18514421260332,221.03226359983472
12.12.2021,180.2173009558867,223.26502685187884,189.11888416070875,242.28424454253195,221.11053494702762
13.12.2021,180.57798491955114,223.42730387000884,189.33928498292792,242.7085273006362,221.16923845742227
14.12.2021,180.81250371074034,223.62601042282105,189.4633941837892,243.16978327051814,221.3950211897094
15.12.2021,181.0366324289022,223.8396199670942,189.6281598470016,243.8634855800186,221.64187697701004
16.12.2021,181.31568010449445,224.04329418372672,189.73087090978336,244.24988594900637,221.8616388364362
17.12.2021,181.55613608027073,224.24200073653898,189.81860327590942,244.8126667217204,222.0287180583287
18.12.2021,181.68230125274596,224.4456749531715,189.81860327590942,245.00753373133543,222.2183755534499
19.12.2021,181.7936234637535,224.60629608336137,189.81860327590942,245.08845051448816,222.28912080956655
20.12.2021,182.12610580062935,224.83315273115534,190.00048744958545,245.5636472035649,222.35535041103745
21.12.2021,182.466009618239,225.08650358599093,190.20162994753304,246.1600675378143,222.61424794406008
22.12.2021,182.71833996318946,225.3282632252458,190.30862063793072,246.80861403948796,222.82648371240998
23.12.2021,182.9840289734608,225.6064523991829,190.48408537018287,247.8681086982969,223.05226644469712
24.12.2021,183.2319064299709,225.83993259873728,190.48408537018287,248.07752254533264,223.25998655840132
25.12.2021,183.35658730629936,226.07838046211194,190.48408537018287,248.1405588408224,223.2750387405538
26.12.2021,183.499079736389,226.2125073852602,190.48408537018287,248.19935230873114,223.27955439519954
27.12.2021,183.87905954996143,226.4476434727547,190.74086302713724,248.77152791394604,223.49480059997995
28.12.2021,184.31098972867068,226.78213283665528,190.9848018012439,249.49917284409483,223.5233997460697
29.12.2021,184.58410021967583,227.00733359650914,191.15170727826424,250.2007546905315,223.61070240255404
30.12.2021,184.85424211838745,227.265652115165,191.3100535000528,250.66685960622033,224.1164557228773
31.12.2021,185.13477409012646,227.5223147458808,191.3100535000528,250.88142545817593,224.4220150205726
01.01.2022,185.29804666627086,227.70611830723212,191.3100535000528,250.9984062757675,224.65532384393595
02.01.2022,185.43311761562668,227.92635140326567,191.3100535000528,251.10478002440652,224.76520477364903
03.01.2022,185.8338775752538,228.15817571487995,191.66954221978892,251.6627118513136,224.8299291569047
04.01.2022,186.3548655227691,228.5870506913663,191.9177606215115,252.36217228395975,224.9051900676671
05.01.2022,186.72000237487381,228.96956080552988,192.23445306508856,253.00920349006876,225.42147991549706
06.01.2022,187.02428308496113,229.29742661767006,192.23445306508856,253.6156247750449,225.77219575964975
07.01.2022,187.3107522412872,229.66668962831278,192.44201500446002,254.32993510422472,226.11689073094146
08.01.2022,187.52152229412812,229.9713730092915,192.44201500446002,254.57086709900534,226.59253968695978
09.01.2022,187.65510894733717,230.2313474158875,192.44201500446002,254.73421596087547,226.74005107205403
10.01.2022,188.070711868432,230.60723397829065,192.87425739366657,255.3315454724637,226.85444765641287
11.01.2022,188.5768568544796,231.0940650326806,193.40279140423098,256.0667668804358,227.42492535999173
12.01.2022,188.94199370658433,231.6123579579325,193.67026813022514,256.94563830793743,228.03152830073657
13.01.2022,189.2774446357537,232.1356185470047,193.90992727671588,257.6457048588095,228.53878683927508
14.01.2022,189.56094519978626,232.7317382054414,194.20736139602138,258.40789852783246,228.95422706668344
15.01.2022,189.7806210295078,233.24175169099274,194.20736139602138,258.6912587984235,229.38772991267479
16.01.2022,189.90084901739596,233.65241190013805,194.20736139602138,258.901884881911,229.52169433383182
17.01.2022,190.36691800748085,234.12765173894726,194.70807782708243,259.2010042263745,229.66167962784985
18.01.2022,190.92352906251855,234.8463071049515,195.31578494854114,259.98077532394757,230.32096520612836
19.01.2022,190.94134061627977,235.47554452219023,195.6581551578136,261.1736159924464,230.8643489818328
20.01.2022,191.63005402837973,236.11306137912945,196.00480499470203,261.99157253824876,231.3670918657255
21.01.2022,191.9758950305765,236.73070758078745,196.3086585554314,262.9640892316463,231.8020999299321
22.01.2022,192.22377248708662,237.2821182648414,196.3086585554314,263.2438127928822,232.24914973986066
23.01.2022,192.39446654396485,237.65800482724453,196.3086585554314,263.44777157588516,232.36655676064998
24.01.2022,192.97779492964438,238.2408773821604,196.85003144884354,264.0751039396536,232.45084898070385
25.01.2022,193.67541411862496,239.01583293812809,197.66744032348166,265.00882906659587,233.11615543184337
26.01.2022,194.05539393219735,239.7228970885516,198.1275002921916,266.2571295527612,233.63696093431906
27.01.2022,194.45466959567773,240.36703749725123,198.50410752239134,266.9923509607333,234.153250782149
28.01.2022,194.84503948227749,240.99296313860972,198.92993047017404,268.18064574253816,234.57320666420316
29.01.2022,195.10924419640207,241.61723289202814,198.92993047017404,268.51825359434395,235.01875125591644
30.01.2022,195.2977498070415,242.00636655795208,198.92993047017404,268.6279609932252,235.14820002242774
31.01.2022,195.83358071602447,242.5842714490477,199.4841422464339,269.3753047657146,235.23550267891213
01.02.2022,196.38277029032832,243.29133559947115,200.3571862800788,270.48904700573826,236.9228522982048
02.02.2022,196.7924360268361,243.94541133581143,200.83650457306027,271.57551392559805,237.72814404336233
03.02.2022,197.1842902095826,244.6309489430136,201.2280904999157,272.26527646663044,238.2218556179636
04.02.2022,197.71121534168495,245.34794842107772,201.2280904999157,273.5326696769104,238.607191481067
05.02.2022,197.96354568663537,245.96890639861593,201.2280904999157,273.80511981943596,239.00005343524666
06.02.2022,198.15501988956836,246.34810473689927,201.2280904999157,273.924525109931,239.1129448013902
07.02.2022,198.77397138277027,246.88792420537249,202.3621918181309,274.81127607436883,239.18369005750685
08.02.2022,199.79962002018644,247.5751177005148,203.134664602802,275.6962086841292,239.6578337953099
09.02.2022,199.79962002018644,248.21097866951393,203.73809209664478,276.7396412099527,240.083810550225
10.02.2022,200.77183399631895,248.74914225004704,204.57903892317037,277.7036722481882,240.40291681185752
11.02.2022,201.1725939559461,249.30220882204108,205.41142649446414,278.4928381782621,240.69793958204608
12.02.2022,201.4115656355756,249.7476426779285,205.41142649446414,278.7364977050591,240.94931102399244
13.02.2022,201.5703853232797,250.06391727448795,205.41142649446414,278.8701467738619,241.0275823711853
14.02.2022,202.1418393397851,250.52922178565657,206.69745459304403,279.711741930473,241.0817702269342
15.02.2022,202.1418393397851,251.17170630641613,207.3607968735095,280.49818032853057,241.4370017257327
16.02.2022,203.13483346197236,251.63204315376444,208.3108742042407,281.4325115736987,241.73654015056698
17.02.2022,203.5608264560945,252.161927294597,209.08120717510383,282.4092710946773,242.01651073860305
