country,Brazil,France,India,Russia,US
22.01.2020,,,,,0.00030305911293161144
23.01.2020,,,,,0.00030305911293161144
24.01.2020,,0.002968592293534406,,,0.0006061182258632229
25.01.2020,,0.004452888440301609,,,0.0006061182258632229
26.01.2020,,0.004452888440301609,,,0.0015152955646580571
27.01.2020,,0.004452888440301609,,,0.0015152955646580571
28.01.2020,,0.005937184587068812,,,0.0015152955646580571
29.01.2020,,0.007421480733836014,,,0.0018183546775896685
30.01.2020,,0.007421480733836014,7.246355807664325e-05,,0.0018183546775896685
31.01.2020,,0.007421480733836014,7.246355807664325e-05,0.0013616827697455441,0.0024244729034528915
01.02.2020,,0.008905776880603218,7.246355807664325e-05,0.0013616827697455441,0.0024244729034528915
02.02.2020,,0.008905776880603218,0.0001449271161532865,0.0013616827697455441,0.0024244729034528915
03.02.2020,,0.008905776880603218,0.00021739067422992978,0.0013616827697455441,0.003333650242247726
04.02.2020,,0.008905776880603218,0.00021739067422992978,0.0013616827697455441,0.003333650242247726
05.02.2020,,0.008905776880603218,0.00021739067422992978,0.0013616827697455441,0.003333650242247726
06.02.2020,,0.008905776880603218,0.00021739067422992978,0.0013616827697455441,0.003636709355179337
07.02.2020,,0.008905776880603218,0.00021739067422992978,0.0013616827697455441,0.003636709355179337
08.02.2020,,0.016327257614439233,0.00021739067422992978,0.0013616827697455441,0.003636709355179337
09.02.2020,,0.016327257614439233,0.00021739067422992978,0.0013616827697455441,0.003636709355179337
10.02.2020,,0.016327257614439233,0.00021739067422992978,0.0013616827697455441,0.003636709355179337
11.02.2020,,0.016327257614439233,0.00021739067422992978,0.0013616827697455441,0.003939768468110949
12.02.2020,,0.016327257614439233,0.00021739067422992978,0.0013616827697455441,0.003939768468110949
13.02.2020,,0.016327257614439233,0.00021739067422992978,0.0013616827697455441,0.004242827581042561
14.02.2020,,0.016327257614439233,0.00021739067422992978,0.0013616827697455441,0.004242827581042561
15.02.2020,,0.017811553761206435,0.00021739067422992978,0.0013616827697455441,0.004242827581042561
16.02.2020,,0.017811553761206435,0.00021739067422992978,0.0013616827697455441,0.004242827581042561
17.02.2020,,0.017811553761206435,0.00021739067422992978,0.0013616827697455441,0.004242827581042561
18.02.2020,,0.017811553761206435,0.00021739067422992978,0.0013616827697455441,0.004242827581042561
19.02.2020,,0.017811553761206435,0.00021739067422992978,0.0013616827697455441,0.004242827581042561
20.02.2020,,0.017811553761206435,0.00021739067422992978,0.0013616827697455441,0.004242827581042561
21.02.2020,,0.017811553761206435,0.00021739067422992978,0.0013616827697455441,0.004848945806905783
22.02.2020,,0.017811553761206435,0.00021739067422992978,0.0013616827697455441,0.004848945806905783
23.02.2020,,0.017811553761206435,0.00021739067422992978,0.0013616827697455441,0.004848945806905783
24.02.2020,,0.017811553761206435,0.00021739067422992978,0.0013616827697455441,0.004848945806905783
25.02.2020,,0.02078014605474084,0.00021739067422992978,0.0013616827697455441,0.004848945806905783
26.02.2020,0.0004799385678633135,0.02671733064180965,0.00021739067422992978,0.0013616827697455441,0.004848945806905783
27.02.2020,0.0004799385678633135,0.05640325357715371,0.00021739067422992978,0.0013616827697455441,0.005152004919837395
28.02.2020,0.0004799385678633135,0.08460488036573058,0.00021739067422992978,0.0013616827697455441,0.005152004919837395
29.02.2020,0.000959877135726627,0.1484296146767203,0.00021739067422992978,0.0013616827697455441,0.007576477823290286
01.03.2020,0.000959877135726627,0.1929584990797364,0.00021739067422992978,0.0013616827697455441,0.009697891613811566
02.03.2020,0.000959877135726627,0.28350056403253576,0.00036231779038321625,0.002042524154618316,0.01666825121123863
03.03.2020,0.000959877135726627,0.314670783114647,0.00036231779038321625,0.002042524154618316,0.022426374356939244
04.03.2020,0.001919754271453254,0.4274772902689544,0.002028979626146011,0.002042524154618316,0.03242732508368243
05.03.2020,0.001919754271453254,0.6323101585228285,0.0021739067422992977,0.0027233655394910882,0.055762876779416506
06.03.2020,0.006239201382223075,0.914326426408597,0.002246370300375941,0.008850938003346036,0.0718250097647919
07.03.2020,0.006239201382223075,1.4071127471353084,0.002463760974605871,0.008850938003346036,0.12213282251143942
08.03.2020,0.00959877135726627,1.6698331651131033,0.002826078764989087,0.011574303542837124,0.15728767961150633
09.03.2020,0.011998464196582839,2.0943418630885233,0.00311593299729566,0.011574303542837124,0.1800171130813772
10.03.2020,0.014878095603762718,2.6465000296859227,0.004057959252292022,0.013616827697455439,0.23699222631252015
11.03.2020,0.018237665578805913,3.4034910645371963,0.004492740600751882,0.013616827697455439,0.3476088025325583
12.03.2020,0.0249568055288923,4.286647271863682,0.0052898397395949575,0.019063558776437617,0.4806517531095358
13.03.2020,0.07247072374736034,5.463694116250074,0.005942011762284747,0.030637862319274737,0.6724881715952458
14.03.2020,0.07247072374736034,6.673395475865345,0.007391282923817612,0.04016964170749354,0.9025100383103389
15.03.2020,0.07775004799385679,6.726830137148963,0.008188382062660688,0.04289300724698463,0.973425870736336
16.03.2020,0.09598771357266271,9.919551148845217,0.008623163411120547,0.061275724638549474,1.41801358940701
17.03.2020,0.15406028028412364,11.451344772308971,0.010289825246883343,0.077615917875496,1.9735209434106538
18.03.2020,0.1785371472451526,13.54271804310396,0.011304315059956348,0.10008368357629747,2.7787490064699454
19.03.2020,0.29804185064311767,16.28272873003622,0.014057930266868792,0.13548743558968163,4.140696659984608
20.03.2020,0.38059128431560757,18.936650240455975,0.017681108170700954,0.1722528703728113,6.070274032020177
21.03.2020,0.4900172777884431,21.467375170694055,0.023912974165292276,0.20833746377106824,7.887113414045188
22.03.2020,0.7419850259166827,24.873834827524785,0.028695568998350726,0.24986878824830733,10.563125381231318
23.03.2020,0.9234018045690152,29.86849136139643,0.03615931548024499,0.2982085265742741,13.966782278566244
24.03.2020,1.0784219619888655,33.20667339547587,0.038840467129080784,0.3370164855120222,17.182845584996507
25.03.2020,1.2257631023229028,37.60315858220032,0.04760855765635462,0.44799363124628394,20.842284373645715
26.03.2020,1.4326166250719907,43.41863088523422,0.052681006721719645,0.5719067632931285,26.248858948345664
27.03.2020,1.6399500863889422,49.05153476221576,0.06427517601398257,0.7053516747281918,31.910003177908166
28.03.2020,1.873680168938376,55.946090363949416,0.07152153182164689,0.8605835104791839,37.85208320515827
29.03.2020,2.0426185448262624,59.80971323398444,0.07420268347048269,1.0444106843948322,43.57353619819416
30.03.2020,2.1976387022461124,66.27233865700885,0.09065191115388072,1.2500247826264093,50.26568752995001
31.03.2020,2.7438087924745633,77.59603396069583,0.10123159063307063,1.591126316447668,58.240991145858295
01.04.2020,3.2808600499136107,84.78596449563616,0.14478218903713322,1.890696525791688,68.01192000588638
02.04.2020,3.860625839892494,87.9118921807279,0.1842748281889038,2.415625233528595,77.77587850631703
03.04.2020,4.346323670570167,95.66585525143977,0.18601395358274322,2.824810905837131,87.55559608062013
04.04.2020,4.972163563063928,70.32298284153654,0.22333268599221454,3.221060591833084,97.37834804895952
05.04.2020,5.341716260318679,71.5920560470225,0.25999924637899596,3.6690542230793683,106.43526963892073
06.04.2020,5.8365329237857555,75.53137802054266,0.34623088049020145,4.318576904247992,115.95435637610264
07.04.2020,6.735457861393742,70.34970017217834,0.38485395694505237,5.104267862391171,125.2791822218954
08.04.2020,7.76060664234978,76.07166181796592,0.42869440958142147,5.904256489616679,134.73402042713582
09.04.2020,8.683048569783068,81.68823843733301,0.48731742806542594,6.897604070146053,145.630207773479
10.04.2020,9.42503359569975,84.01116190702369,0.5505781142663355,8.113586783528824,156.05786573122984
11.04.2020,9.947686696102899,86.1559698391023,0.6120272115153289,9.248549372111734,164.9002214692355
12.04.2020,10.650796698022653,161.4780621029508,0.6670270520955012,10.736868639443614,173.1679771291228
13.04.2020,11.244960645037436,166.14023629994657,0.7574615725751519,12.478460901948164,181.32329785811245
14.04.2020,12.124208101363026,192.03823546874074,0.8323888916264011,14.367114903585234,190.04291465538077
15.04.2020,13.591860241889039,196.79985750756993,0.8928959626203982,16.673805515534188,197.75001095634457
16.04.2020,14.602130927241314,215.46933444160777,0.973185584969319,19.021346610575506,206.8523914132455
17.04.2020,16.165290842772126,218.27613845514458,1.0399969855159839,21.792371047007688,216.76818252925494
18.04.2020,17.593588020733346,223.92536958974054,1.1392720600809854,25.0501970736239,225.24050309037105
19.04.2020,18.55154540218852,225.54622098201034,1.276445575520071,29.1760958659529,233.17853043538875
20.04.2020,19.55413707045498,229.1782936531497,1.3434019031828894,32.08192689658989,242.20847976429903
21.04.2020,20.675273564983684,233.13542718043104,1.4550682461789965,35.92323399004207,250.0377088877743
22.04.2020,21.960549049721635,235.80716024461202,1.5485462360978663,39.488119481235906,258.7573256850426
23.04.2020,24.014206181608753,233.26901383364012,1.6722415297346964,42.73845625261851,268.93041398793093
24.04.2020,25.93732002303705,237.4413703022027,1.7775310796200592,46.72069751273936,278.71073768045994
25.04.2020,28.471875599923212,239.93201923647808,1.9045596969284146,50.78259721489032,287.93646319632404
26.04.2020,30.284123632175085,240.8715786973817,2.0210086347575804,55.11342926406602,295.99177441804625
27.04.2020,32.36993664810904,246.34269429436563,2.134124248915221,59.33328416750746,303.149424547265
28.04.2020,35.14830101746976,250.99150982604047,2.2698484931927734,63.6981582859268,310.5586137402171
29.04.2020,38.24390478018814,248.83185893249419,2.395790157129979,67.67495281496866,318.5563437304823
30.04.2020,41.84440391629872,250.63973163925667,2.5262970252260137,72.50824580618047,327.3956688773587
01.05.2020,44.25129583413323,251.42047141245618,2.699774783261498,77.90936051237617,337.9772808644788
02.05.2020,46.60203493952774,252.59603396069582,2.8767307920846608,84.46109715900685,346.2871617410636
03.05.2020,48.87022461124976,253.1318648696788,3.0800635360477218,91.70048360435904,353.698775406919
04.05.2020,52.13092724131311,253.96603930416197,3.364990246405083,98.90446629769784,360.96492069856737
05.05.2020,55.411307352658866,255.62399810010092,3.579699768986177,105.7823259676826,368.3813833102298
06.05.2020,60.76550201574198,261.7630469631301,3.839626551807096,112.97133015055418,375.8093621681836
07.05.2020,65.16269917450566,262.86291040788456,4.083393961176925,120.61785974406028,384.1025747935571
08.05.2020,70.50009598771356,263.651071661818,4.325712099385219,127.90218172081407,392.2263773748019
09.05.2020,74.89969283931657,264.43626432345786,4.551291155677809,135.26684298098283,399.86043642954917
10.05.2020,78.08552505279324,264.80585406400286,4.866725023985437,142.76426831120182,405.608558624523
11.05.2020,81.39470147821079,265.2719230540878,5.12810107796789,150.70015549327886,411.422747706116
12.05.2020,85.53177193319254,266.38959805260345,5.38346265662998,158.1206457470072,418.34976985039384
13.05.2020,91.25407947782683,267.16291634506916,5.65614302567239,164.94812315451134,424.5288421039565
14.05.2020,97.50671913995009,268.11583447129374,5.941794371610517,171.73883512723236,432.685072010285
15.05.2020,105.72614705317719,268.8772783945853,6.216213866046765,178.954392124114,440.17063209969575
16.05.2020,112.0709349203302,269.4932612954937,6.568676612531558,185.21813286494353,447.49284332723647
17.05.2020,115.70358994048762,269.7010627560411,6.934617580818607,191.82842187067325,453.0939818524385
18.05.2020,122.56095219811864,270.3600902452057,7.270123854713465,197.9056120720476,459.83219816935997
19.05.2020,130.48809752351698,271.10372261473606,7.71555734621059,204.2122458201241,466.17795293503497
20.05.2020,139.9400076790171,271.8191533574779,8.117947484210191,210.17913971714907,473.06769880842216
21.05.2020,148.8227106930313,272.2154604286647,8.567076617169224,216.20390513188823,480.8523782422964
22.05.2020,158.8068727202918,273.33758831562074,9.043017266616618,222.25930840894668,488.0015427163532
23.05.2020,166.72969859857938,274.1480140117556,9.523378193106687,228.68236603383642,494.4397305114723
24.05.2020,174.31896717220195,273.4964080033248,10.038811481705851,234.53692110235735,500.55546341043225
25.05.2020,179.9280092148205,273.9788042510242,10.50359274320944,240.6277281314292,506.24267072370685
26.05.2020,187.76252639662124,274.3572997684498,10.926997313051267,246.69742907756992,512.154141780551
27.05.2020,197.6487809560376,274.61259870569376,11.455474042104225,252.37428454463912,517.728611103815
28.05.2020,210.32731810328278,279.5746007243365,11.984458016063721,258.0736077774091,524.4592509429131
29.05.2020,223.2511038587061,280.4562726355162,12.571775154274913,263.9097801285385,531.8717737861074
30.05.2020,239.22057976578998,283.12058421896336,13.175831374401815,270.0046722059196,539.047910521215
31.05.2020,247.09589172585908,283.4634566288666,13.812206341430896,276.3147101609204,544.8284600412726
01.06.2020,252.6622192359378,284.06756516060085,14.374596015663721,282.09164931156585,550.1129017934611
02.06.2020,266.54972163563065,283.1072255536424,15.013797061457792,288.1225422987689,556.5904872732614
03.06.2020,280.2918026492609,278.31888618417145,15.711838516410099,293.92943847034877,562.56135791624
04.06.2020,295.13390286043386,284.7904173840765,16.428430642230023,299.9365020090812,569.0913726225774
05.06.2020,309.93040890765985,285.6527934453482,17.114733000773914,305.87207720240207,576.8118035245102
06.06.2020,322.92474563255905,286.50181084129906,17.871107619977913,311.8948000929866,583.2587800339044
07.06.2020,332.00134382799,287.0079558273467,18.658351714922567,318.0026281566802,588.6838412144931
08.06.2020,339.5143021693223,287.4146529715609,19.270089072205586,324.109775378989,593.9922246366033
09.06.2020,354.9160107506239,288.23546874072315,20.010521708632727,329.9561603508915,599.501536250587
10.06.2020,370.71222883470915,289.1631538324526,20.768418062556343,335.67046209412865,605.8691112723932
11.06.2020,385.3081205605683,289.7034376298759,21.56044475233405,341.64620692915696,612.8609880668383
12.06.2020,397.7778844307929,290.8938431395832,22.39073220077623,347.7472265790019,620.3580644025405
13.06.2020,408.19447110769823,291.6315383245265,23.255149985072507,353.6685041032404,627.9721215558343
14.06.2020,416.4062200038395,292.2104138217657,24.088625830070058,359.66603586258464,633.7587322581505
15.06.2020,426.31551161451335,292.4122780977261,24.861594604073613,365.26050952208425,639.7096009996757
16.06.2020,443.07400652716456,293.3963664430327,25.656809690406696,370.87132337482075,646.7881527004192
17.06.2020,458.52226914954883,294.1207029626551,26.590212781991934,376.1982263700653,654.85467710932
18.06.2020,469.4480706469572,294.9905005046607,27.574702682021215,381.4897256132965,663.3194211926128
19.06.2020,495.73478594739873,296.1586415721665,28.626583691061764,386.9167122921173,672.7739563387404
20.06.2020,512.3723363409483,297.07742088701536,29.7427398761163,392.2749339910661,682.5270047111054
21.06.2020,519.9371280476099,297.5865344653565,30.817446905950998,397.5289869581292,690.1862176722261
22.06.2020,531.0376271837205,297.79730451819745,31.89954521870951,402.69384970377405,699.6986371089235
23.06.2020,549.964484545978,298.833343228641,33.05664331407735,407.7409268898359,710.6524056867236
24.06.2020,570.4698598579381,299.2311345959746,34.28287164385031,412.61915541244935,721.2197738955359
25.06.2020,589.4192743328854,299.60963011340027,35.53620134434393,417.4565334519704,733.2857694177952
26.06.2020,611.9091956229603,301.48429614676724,36.88054527378181,422.0780847724868,747.0758682335223
27.06.2020,630.4794586292954,302.1492608205189,38.32300486085548,426.73708236917116,759.5688740459021
28.06.2020,645.1060664234977,301.54663658493143,39.73307323746888,431.355910324148,771.8254937501953
29.06.2020,656.6495488577461,302.50400759959626,41.07524326016446,435.9059732992528,784.1442405726394
30.06.2020,672.8935496256479,303.1585822003206,42.42603644627117,440.4560362743575,798.0958698955591
01.07.2020,695.312440007679,304.62803538562014,43.81443821901966,444.9155473452742,813.6788664233896
02.07.2020,718.3998848147437,305.42807100872767,45.32914397349573,449.51258837593514,830.7395791858747
03.07.2020,738.6643309656364,306.2281066318352,46.97921165445897,454.08103406843145,846.2319610389386
04.07.2020,756.8650412747169,306.75948465237786,48.77993107266356,458.5902465604438,860.1075225245124
05.07.2020,769.367920906124,306.7758119099923,50.537027428906,463.1648198254039,875.5689923480573
06.07.2020,779.0765981954311,308.2868253874013,52.1494140596694,467.6372668826332,888.5696221745977
07.07.2020,800.8202150124785,308.9606958380336,53.79817739658726,471.9694606145786,906.9340952409145
08.07.2020,822.2115569207142,310.18078727067626,55.60099825797606,476.4180782233373,925.2085597506907
09.07.2020,842.6660587444807,310.83981475984086,57.52171732835557,480.8374196525465,944.2509760526356
10.07.2020,864.2863313495873,311.90108650477947,59.48649424204567,485.3466321445589,964.8292959389179
11.07.2020,883.0149740833173,312.273644837618,61.559386784386135,489.830653505331,983.2731704928227
12.07.2020,894.9323286619313,312.2973935759663,63.64140973504425,494.31535570748787,1001.0718321952965
13.07.2020,904.6683624496064,314.409546992816,65.70647621311242,498.74831396439447,1018.8026086564732
14.07.2020,924.7571510846611,314.5015733539156,67.83900626374997,502.99676420600053,1039.4651789761506
15.07.2020,943.918218468036,315.58065665261535,70.20682548746235,507.36095748303507,1060.1056259805837
16.07.2020,965.7088692647342,316.4252211601259,72.74123843119295,511.7285549669939,1083.0820526274938
17.07.2020,982.1117296985985,317.6557026657959,75.29572378051078,516.078450574946,1104.8416969359835
18.07.2020,995.8053369168746,317.8976429377189,78.09984608740264,520.3091989405455,1123.8374421345368
19.07.2020,1007.0978114801305,317.903580122306,81.02918542265095,524.4596080227299,1142.2388884126315
20.07.2020,1016.8199270493377,320.74007005877814,83.71990226115287,528.4772530348641,1161.0321901237467
21.07.2020,1036.5012478402766,321.6232262661046,86.45467694296538,532.4451966259026,1180.682846065345
22.07.2020,1069.069879055481,322.99026301727724,89.7677108182295,536.4281187274083,1202.132157842193
23.07.2020,1097.847475523133,324.8248530546815,93.34088886698879,540.3974240012166,1222.9971716493085
24.07.2020,1124.6717220195815,326.4442201508045,96.88551627386587,544.3320063643963,1245.2589849079259
25.07.2020,1149.2191399500864,326.57483821172,100.40804229552958,548.3033541623593,1264.9469171204153
26.07.2020,1161.0150700710308,326.57483821172,104.02984339175829,552.2120645529138,1281.6482017749631
27.07.2020,1172.1899596851604,330.2677670248768,107.25135579317163,556.0295421978955,1298.7470999856776
28.07.2020,1191.7791322710693,331.1049100516535,110.99018553569411,559.692468848511,1318.841737527721
29.07.2020,1224.9304089076597,333.2868253874013,114.63466772560079,563.4023735546826,1340.605018545566
30.07.2020,1252.6886158571704,335.34851273526095,118.45951171156025,567.136107709325,1361.0839350428068
31.07.2020,1277.8292378575543,337.28997209523243,122.89732493529004,570.8589484018092,1381.8907615002395
01.08.2020,1299.6146093300058,337.3834827524788,126.86361778661511,574.5552362802836,1398.9726884006297
02.08.2020,1311.9970243808793,337.38793564091907,130.70215738505104,578.2229288205932,1412.8827986250778
03.08.2020,1319.9836820886926,342.37517069405686,134.47388558294034,581.8749620090507,1426.7025972338722
04.08.2020,1344.749952006143,343.81642225256786,138.27887455398678,585.3615507409842,1444.4612551334387
05.08.2020,1372.1794010366673,346.3516000712462,142.35726852965644,588.8923941629344,1460.8579653794907
06.08.2020,1397.682856594356,348.7279582022205,146.88899452465355,592.4593221782828,1478.9460485348138
07.08.2020,1421.79017085813,352.27097310455383,151.34818449801594,595.9935698071574,1496.7707733209995
08.08.2020,1445.77270109426,352.3748738348275,156.0147651745937,599.5237323877228,1513.240520813268
09.08.2020,1456.8160875407948,352.4268241999644,160.51214344306248,603.0334697267418,1527.1876042494937
10.08.2020,1467.3977730850452,359.44902927032,164.39626261952864,606.4928248032804,1541.8738488621595
11.08.2020,1492.4313687847955,361.54782402184884,168.81385851055504,609.823500858078,1556.1203547019616
12.08.2020,1518.9023804952967,365.40402541115003,173.66884443813208,613.264473217225,1573.3583570455116
13.08.2020,1547.742368976771,369.37897049219265,178.3465845026536,616.6802544451317,1589.1016718440833
14.08.2020,1572.0483778076405,373.7175681291931,183.03729554407087,620.0953548316535,1609.039324765628
15.08.2020,1592.0023037051255,378.4821587603159,187.67713716771834,623.5199869975636,1623.2418870340553
16.08.2020,1603.0893645613362,382.9395000890578,191.8590815678795,626.8635990386738,1635.2818194726021
17.08.2020,1612.387214436552,383.90429258445647,195.84588160614027,630.1581905000731,1646.3819656019482
18.08.2020,1635.3205989633325,387.04951611945614,200.52499847826527,633.3704001539028,1660.0393245262114
19.08.2020,1658.9806104818583,392.6482811850621,205.57367949658118,636.6316303874434,1674.4082662476376
20.08.2020,1680.7328661931274,399.7729026895446,210.5664186480619,639.8772012691319,1687.7343815614665
21.08.2020,1695.301401420618,407.2077420887016,215.6298822322254,643.1711118891465,1702.524575449868
22.08.2020,1719.3136878479554,412.3641869025708,220.64718652989413,646.480001019628,1715.6800684831164
23.08.2020,1730.554329045882,419.3106928694413,225.09702870426463,649.7459971428627,1726.0849970073975
24.08.2020,1738.7507199078518,422.2436620554533,229.51549415798794,652.9377815551462,1737.2169643436011
25.08.2020,1761.3721443655213,427.6108769221635,233.6621488053658,656.096204739571,1749.3981223287744
26.08.2020,1784.0065271645228,428.03686991628564,239.8713337062791,659.2566704481504,1763.1894333809535
27.08.2020,1805.2366097139568,444.6654396485187,245.47030298462903,662.4396039224307,1776.9171020194167
28.08.2020,1826.0717028220388,456.0069465059669,251.0117361978661,665.6790472316553,1791.184215878898
29.08.2020,1845.9171626031869,464.11120346731576,256.7190384955406,668.9763620585942,1804.2066659615693
30.08.2020,1853.6720099827223,472.0759365908686,262.408297367254,672.3104423203162,1814.6964510374712
31.08.2020,1875.7304665002878,476.69655049575493,267.47502181153095,675.6683520305087,1825.4032264382322
01.09.2020,1896.2041658667692,484.27239802885475,273.1530488317425,678.8478812978645,1838.0441250977226
02.09.2020,1918.7296026108656,494.8301965208098,279.2315094738856,682.179238194047,1850.490459806711
03.09.2020,1939.7379535419466,505.4013536780859,285.2706948675511,685.5548497802462,1863.7814202634397
04.09.2020,1963.8131119216741,518.5136258386274,291.5338651192315,689.0026305532419,1879.0301425897067
05.09.2020,1978.7867153004415,531.2696669239447,298.10138231483387,692.5048786370274,1892.1047188398022
06.09.2020,1985.7559032443846,541.6834886896634,304.68121831530925,695.975127175724,1901.6389585326306
07.09.2020,1990.6863121520446,548.0154960517723,310.17460818954146,699.4515032868844,1908.768424164347
08.09.2020,1997.5393549625649,558.0166834886896,316.6750241303648,702.8693270389456,1917.055272548349
09.09.2020,2014.7288347091574,570.8098319776761,323.6123228628323,706.3906386815077,1927.2880634964847
10.09.2020,2034.1937032059898,585.2995309624176,330.60875185869025,710.005906435182,1938.24546878364
11.09.2020,2055.175657515838,599.413703022027,337.6790212202283,713.6967475825774,1952.669870322733
12.09.2020,2071.26463812632,616.2411684379267,344.5175521230373,717.3773761091995,1965.131661046481
13.09.2020,2078.3523708965254,625.6590274891646,351.18934437871195,721.0273667735025,1975.5468935806014
14.09.2020,2085.625839892494,635.1525856438876,357.26244271755735,724.7134420312036,1985.8990898192326
15.09.2020,2103.217028220388,646.7686872884879,363.79307596209867,728.4138149579871,1997.8396188687382
16.09.2020,2120.888366289115,661.8951493201923,370.88682351645355,732.2346968098932,2009.5061824801533
17.09.2020,2138.311576118257,677.0928575669417,377.8740496404358,736.0930249379672,2023.1847555423215
18.09.2020,2157.411691303513,696.7345484771122,384.63758076063544,740.0439474943838,2038.0873843616205
19.09.2020,2173.2770205413703,716.8616042272754,391.34806855632297,744.1017621482256,2050.8834492869323
20.09.2020,2181.1427337300825,732.5001484296147,397.64957203022595,748.2160866370118,2062.5191008688284
21.09.2020,2187.5791898636976,740.7216647865582,403.0903533612946,752.362410670887,2078.2139262093306
22.09.2020,2203.5726626991745,755.6893071305586,409.1299735363086,756.5216706910747,2090.200520244002
23.09.2020,2203.5726626991745,775.4170872172416,415.39865101840286,760.8313966573194,2101.9825493774442
24.09.2020,2235.410827414091,798.9431811435018,421.6342851180142,765.2493764037588,2116.161473035062
25.09.2020,2250.726147053177,822.8462862910409,427.8199193625526,770.0915203329739,2130.756193795623
26.09.2020,2264.3458437320023,843.9529774980704,434.2401906081431,775.1440442501148,2144.2880862471325
27.09.2020,2271.217604146669,859.7384670189397,440.1945211753009,780.430096762267,2155.7018985583627
28.09.2020,2277.531196006911,866.1194561538919,445.3096512763731,785.8945297172559,2165.7249726003497
29.09.2020,2292.9170666154732,878.0012468087633,451.14093872191677,791.4290893348866,2178.7704551756037
30.09.2020,2308.9532539834904,899.324645253221,457.432297297689,797.1284125676565,2190.67067736309
01.10.2020,2326.306392781724,918.6961942646797,463.3369178640062,803.1436462030075,2204.472292425108
02.10.2020,2326.306392781724,937.1549011458766,469.0960316057055,809.4713860340149,2221.0662941536784
03.10.2020,2354.978402764446,961.6279760137743,474.59087075109926,816.0993769157516,2235.8258790716736
04.10.2020,2359.0367632942985,980.1876150329514,479.9852029414408,823.1637871251914,2246.7147929993066
05.10.2020,2364.7701094259933,988.5575610045715,484.4248277541224,830.4875979022679,2258.6265314330835
06.10.2020,2384.8824150508735,1005.3449504245087,489.64575464998654,838.304337841992,2272.239946785972
07.10.2020,2400.0259166826645,1033.4768152941876,495.33588308439687,845.78065708928,2287.6405017278175
08.10.2020,2413.344211940872,1059.3065368402304,500.4442740745679,853.5048026006615,2305.3258193220545
09.10.2020,2426.5156459973127,1090.607373983257,505.7538239019597,861.6537931362038,2322.361681237279
10.10.2020,2439.353522749088,1130.203942290566,511.1438807423746,870.2820960066963,2339.0229620889204
11.10.2020,2445.2769245536574,1153.8591699815947,515.9795188999452,879.4339659021563,2352.9715608207107
12.10.2020,2449.322326742177,1167.5325060856142,519.9897971310228,888.5613255077606,2365.6100350072975
13.10.2020,2454.22729890574,1187.7575253814641,524.5918852409123,897.8820440666689,2381.3685027615156
14.10.2020,2467.298425801497,1221.8993053494032,529.4982478311657,907.4417379516675,2399.421734118852
15.10.2020,2480.9877135726624,1266.067505788755,534.0903359700407,916.6712237650027,2419.0184455383483
16.10.2020,2495.824534459589,1304.1129846226918,538.5984388451049,926.8409515308473,2439.90679489716
17.10.2020,2507.3728162795164,1351.764828118506,543.0818316468648,936.8513624126317,2457.0560009206206
18.10.2020,2507.3728162795164,1396.0517722495993,547.1196460300115,946.9305382742882,2472.021969094523
19.10.2020,2520.0263966212324,1417.2608798907559,550.5102159124176,957.7171083348275,2492.5184630203134
20.10.2020,2531.1739297369936,1447.5048981772843,554.4264364451118,968.6841013623581,2511.2487284359386
21.10.2020,2543.0850451142255,1488.2072671139344,558.4727290645534,979.1990157103332,2530.3593330382932
22.10.2020,2555.0153580341716,1548.7858457519444,562.4122828629482,989.8909488183753,2553.4318294240024
23.10.2020,2569.425993472835,1612.368639791011,566.2796629574987,1001.5176771478475,2578.161756098335
24.10.2020,2582.3742560952196,1679.5553048744284,569.9121886603227,1012.5881580658788,2603.2711127820576
25.10.2020,2588.8500671913994,1689.3754081814402,573.183773380367,1023.7485100467134,2622.1104794783387
26.10.2020,2596.397581109618,1797.7438698569138,575.8265193434222,1035.4235781145117,2642.4596866752445
27.10.2020,2610.6935112305623,1848.9253695897407,579.0071622980803,1046.5498880261025,2665.6634076568535
28.10.2020,2624.4336724899213,1904.660689900849,582.6217170385013,1057.3657342661913,2689.6229580661134
29.10.2020,2636.962948742561,1973.846701893962,586.1469242118139,1069.2246295079053,2717.1070859587685
30.10.2020,2647.656939911691,2047.2807694591224,589.6445952330573,1081.470923497612,2747.1078167252076
31.10.2020,2656.7503359569973,2099.335035326248,593.0477013110107,1093.6130487554328,2774.2840365591237
01.11.2020,2661.597715492417,2167.878347087811,596.3253005063754,1106.1275942507793,2806.030690875162
02.11.2020,2665.6776732578232,2325.3488095944904,599.1013794162916,1118.394313482032,2831.7567728537006
03.11.2020,2671.3615857170284,2433.110194145936,602.4530363680105,1130.9429010466222,2870.160726703507
04.11.2020,2682.868592820119,2364.7197648874903,606.0914316190388,1144.2077337480982,2901.7161507192855
05.11.2020,2682.868592820119,2450.520987947515,609.5434505986939,1157.2226976613263,2940.7459216372963
06.11.2020,2702.6209445191016,2540.9918066852697,613.1924255292014,1171.0900749884147,2979.406869614869
07.11.2020,2713.3619696678825,2669.6134892833816,616.502126080794,1184.7811143968213,3017.9738692674327
08.11.2020,2718.427241313112,2726.850917295019,619.8284207871861,1198.5667907577254,3052.9250706436096
09.11.2020,2723.6667306584754,2758.650477943359,622.5873258338381,1213.2573053191252,3089.329440466294
10.11.2020,2735.172297945863,2792.214866710206,625.7960846490299,1227.3949766760081,3131.7428663801857
11.11.2020,2758.5237089652524,2846.252152229413,629.2674513986916,1240.7278935159716,3176.0043467647347
12.11.2020,2774.8041850643117,2894.681766906133,632.5195434216133,1255.2522827794623,3225.698161748582
13.11.2020,2788.755999232098,2930.401353678086,635.75750505071,1270.0381151347444,3280.197282027074
14.11.2020,2807.141005951238,2977.835005640325,638.73575728766,1285.3168766526744,3331.0781795562752
15.11.2020,2813.924457669418,3018.195986463219,640.9493740597853,1300.5084904733405,3372.3942284222417
16.11.2020,2820.3417162603187,3033.1131627382297,643.0626288039745,1315.8696337988401,3421.423131712318
17.11.2020,2837.2806680744866,3100.8000356231078,645.8609540262202,1330.9849933844005,3470.6947853518523
18.11.2020,2853.6422537915146,3143.6917413762394,649.1635531491213,1345.0899843548098,3522.921568401583
19.11.2020,2870.8806872720293,3174.4701062756044,652.4883261207939,1360.9787797535855,3580.601597129405
20.11.2020,2889.3088884622766,3209.000771833996,655.8384613377932,1377.3591426322396,3640.578207815022
21.11.2020,2904.9654444231137,3235.2282847473725,659.1144663348803,1394.0656285342477,3694.8839763794635
22.11.2020,2913.8995008638894,3254.717093154426,662.307138240179,1410.6066699797316,3739.302744443624
23.11.2020,2921.6778652332505,3262.230600249362,665.0589418581395,1427.5534928906,3792.0123006602544
24.11.2020,2936.603954693799,3276.956302321439,668.2745847113487,1443.9529193280302,3844.802773660038
25.11.2020,2959.592052217316,3301.824199964377,671.4984159466204,1459.879841844359,3900.034084755372
26.11.2020,2977.6444615089267,3321.1215341684974,674.6202909556783,1477.0336405362286,3934.1961202014754
27.11.2020,2994.0247648301015,3340.0819331473012,677.6146301025215,1495.5981425775544,3997.024517139779
28.11.2020,3018.9441351507007,3358.601496170516,680.6443314657059,1513.8508192646084,4044.2611288359776
29.11.2020,3030.6872720291803,3373.092679451404,683.4538885394535,1531.8182234114008,4086.749410350764
30.11.2020,3040.832213476675,3379.5553048744287,685.7088095396825,1549.551418121797,4134.82519273067
01.12.2020,3065.2654060280283,3391.9699578459895,688.3612656195199,1567.339080142983,4191.218432464984
02.12.2020,3089.196582837397,3413.0885234221932,690.9374175727027,1584.3893909443523,4252.03845666189
03.12.2020,3113.4018045690154,3432.0682182509054,693.5892214805175,1603.3365258439762,4318.984214708484
04.12.2020,3135.903244384719,3449.1539511963424,696.2451558111426,1621.7723488635615,4388.884192987934
05.12.2020,3156.640909963525,3468.2746541589977,698.8546410010406,1641.1422862631916,4454.036447204197
06.12.2020,3169.293530428105,3484.526212669952,701.2445616099664,1660.6831148504252,4509.0786494130625
07.12.2020,3179.070358994049,3489.589146826575,703.1697009573885,1679.6091436671184,4567.646944400887
08.12.2020,3203.58946054905,3510.424211838746,705.4943319004872,1697.1421710103623,4634.966374333725
09.12.2020,3229.243616817047,3532.206257792555,707.7784557146211,1714.7337507127047,4701.843944079908
10.12.2020,3254.8468995968515,3552.7964139405094,709.9069278060064,1733.499100962568,4771.173262049709
11.12.2020,3280.968995968516,3572.8180846642526,712.083080918606,1752.7029130642895,4843.311937996385
12.12.2020,3302.0382990977155,3572.8180846642526,714.2753934046568,1771.5819638254266,4908.910901345109
13.12.2020,3312.5129583413323,3610.6379504838806,716.2370543853497,1790.4079089585437,4966.150888240954
14.12.2020,3324.604050681513,3615.3758237843613,717.8359627943107,1808.7239038943908,5024.358845943503
15.12.2020,3345.1881359186023,3632.6752953749333,719.7476963834887,1826.6062028680742,5087.21542737931
16.12.2020,3379.059320406988,3658.9770230956483,721.487546412909,1844.3584611372469,5161.70220533298
17.12.2020,3412.571510846612,3686.285103603871,723.1462372572832,1863.2770006987066,5233.594797279956
18.12.2020,3437.789402956422,3710.0412634328804,724.968840670027,1882.4195370757895,5309.425339340365
19.12.2020,3461.871280476099,3735.909576678739,726.8981104402595,1901.3278640164763,5367.772704234862
20.12.2020,3474.083317335381,3754.9070830612122,728.6616560531709,1920.7386518991989,5425.276352558958
21.12.2020,3486.0909003647535,3763.753488095945,730.0787533949177,1940.4265422255648,5485.243568412075
22.12.2020,3512.584469187944,3781.358724692751,731.8142556108533,1959.7215870728592,5544.350096384465
23.12.2020,3534.9956805528896,3803.679570147836,733.6049750580432,1977.9776679668375,5613.829428615167
24.12.2020,3563.037531196007,3835.9155138633264,735.2764919521973,1998.0618079791996,5672.678053282453
25.12.2020,3574.8512190439624,3865.990322389123,736.8904727812384,2017.5304673796363,5703.475526456789
26.12.2020,3583.1282395853327,3870.581250371074,738.24786015113,2037.1611670296732,5771.591395738411
27.12.2020,3591.9970243808793,3883.675710977854,739.6986530473825,2056.121918756995,5819.149250094318
28.12.2020,3601.858802073334,3888.285934809713,740.8893742336979,2074.7517815712686,5871.065700612406
29.12.2020,3630.0398349011325,3905.346434720655,742.3784278886147,2092.8539923122657,5930.518019032652
30.12.2020,3656.7479362641584,3944.701062756041,743.9597276529634,2110.620548250521,6000.741664444713
31.12.2020,3683.9954885774623,3974.4493261295493,743.9597276529634,2129.227262457709,6070.890757314993
01.01.2021,3695.804377039739,4003.1674879772017,745.4115350390289,2147.346494233328,6118.9407796703
02.01.2021,3703.4003647533114,4008.3120584218964,748.1112373587323,2165.0061580741576,6209.261790156422
03.01.2021,3711.722979458629,4026.8583387757526,749.3071759212293,2181.240820896449,6272.754492670271
04.01.2021,3721.3246304473028,4032.9202042391494,750.4937666847343,2196.910385369296,6327.630012367024
05.01.2021,3748.5121904396233,4063.8306714955766,751.8044875232246,2213.2199407439234,6397.46331764163
06.01.2021,3778.9546937991936,4101.282431870807,753.2788310758519,2229.493411525152,6473.768450272889
07.01.2021,3821.113937416011,4101.659443092086,754.5932475558042,2245.301186799128,6557.117585866019
08.01.2021,3846.0875407947783,4163.069227572285,754.5932475558042,2261.1852163082103,6645.830867758037
09.01.2021,3875.9829141869836,4193.017870925607,757.2647615514157,2276.8527382569023,6726.026370222001
10.01.2021,3890.281244000768,4216.683488689663,758.446714647204,2292.198903071934,6791.575025757978
11.01.2021,3902.6742177001347,4222.347562785727,759.3585960620404,2307.8705100689363,6856.218746782744
12.01.2021,3933.4022845075833,4251.558510954106,760.5156941574082,2323.2963333259986,6924.535241197126
13.01.2021,3962.630063351891,4287.080686338538,761.743661612575,2338.64522150657,6994.289144984144
14.01.2021,3995.1497408331734,4318.890637059906,762.8733684829899,2355.1917096831335,7065.678052685427
15.01.2021,4028.3605298521793,4351.059787448792,763.9717710963156,2371.732070287232,7138.889860950993
16.01.2021,4057.9089076598198,4351.490233331355,765.0691592198284,2387.8475858671704,7200.337520570781
17.01.2021,4073.766077942023,4407.010330701181,766.0682867585891,2403.628127485752,7254.257191825347
18.01.2021,4085.126703781916,4412.647687466603,766.7965455172593,2418.953186217853,7297.291282802524
19.01.2021,4114.92800921482,4448.114943893606,767.7977020356462,2433.5517871922953,7351.010328924329
20.01.2021,4145.8288539067,4488.008371430268,768.9023365149666,2447.717373045958,7406.37771356137
21.01.2021,4174.202342100211,4521.716736923351,769.9563189671914,2462.385419841657,7464.918127110805
